,,,,,,,품질 환경 매뉴얼,,,,,,,,,,,,,,,,,,,,,,,,,,,,,,,,,문 서 번 호,,,,,,TPC-M-07,,,,,,,,,,
,,,,,,,,,,,,,,,,,,,,,,,,,,,,,,,,,,,,,,,,"재,개정 일자",,,,,,2025년 01월 06일,,,,,,,,,,
,,,,,,,"0.7장 프로세스 매트릭스(조항)_1,2,3공장 공통",,,,,,,,,,,,,,,,,,,,,,,,,,,,,,,,,개 정 번 호,,,,,,7,,,,,,,,,,
,,,,,,,,,,,,,,,,,,,,,,,,,,,,,,,,,,,,,,,,페   이   지,,,,,,1/2,,,,,,,,,,
,,,,,,,,,,,,,,,,,,,,,,,,,,,,,,,,,,,,,,,,,,,,,,,,,,,,,,,,
,"※1공장, 2공장은 고객사로부터 발행된 CSR 없음",,,,,,,,,,,,,,,,,,,,,,,,,,,,,,,,,,,,,,,,,,,,,,,,,,,,,,,
,N0,요구사항,,,,프로세스,,,,,,,관  련  규  정,,,,,,,,,,,책임부서,,,,,N0,요구사항,,,,프로세스,,,,,,,관  련  규  정,,,,,,,,,,,책임부서,,,,
,,,,,,,,,,,,,규정번호,,,,규  정  명  칭,,,,,,,,,,,,,,,,,,,,,,,,규정번호,,,,규  정  명  칭,,,,,,,,,,,
,4,조직의 상황,,,,-,,,,,,,D-1100,,,,제품 특성 안전관리 규정,,,,,,,개  발  팀,,,,,7,지원,,,,"생산관리 프로세스
(CP-03)",,,,,,,M-4200,,,,조도(Lux) 관리 지침,,,,,,,품질보증팀,,,,
,5,리더십,,,,"경영관리 프로세스
(MP-01)",,,,,,,A-1100,,,,조직 및 업무분장 규정,,,,,,,총  무  팀,,,,,,,,,,,,,,,,,J-3100,,,,4M 변경관리 규정,,,,,,,개  발  팀,,,,
,,,,,,,,,,,,,A-3100,,,,회의운영 규정,,,,,,,총  무  팀,,,,,8,운용,,,,"영업관리 프로세스
(CP-01)",,,,,,,H-1100,,,,계약검토 규정,,,,,,,개  발  팀,,,,
,,,,,,,,,,,,,A-7100,,,,윤리경영 규정,,,,,,,총  무  팀,,,,,,,,,,,,,,,,,H-2100,,,,양산 주문접수 및 납품관리 규정,,,,,,,영  업  팀,,,,
,6,기획,,,,"경영관리 프로세스
(MP-01)",,,,,,,A-2100,,,,사업계획 운영 규정,,,,,,,총  무  팀,,,,,,,,,,"개발 프로세스
(CP-02)",,,,,,,J-1100,,,,개발업무 규정,,,,,,,개  발  팀,,,,
,,,,,,,,,,,,,A-8100,,,,리스크 관리 규정,,,,,,,품질보증팀,,,,,,,,,,,,,,,,,J-1101,,,,공정 FMEA 작성 및 관리 지침,,,,,,,개  발  팀,,,,
,,,,,,,,,,,,,A-8101,,,,비상상태 대비 및 대응 규정,,,,,,,총  무  팀,,,,,,,,,,,,,,,,,J-1102,,,,관리계획서 작성 및 관리 지침,,,,,,,품질보증팀,,,,
,,,,,,,,,,,,,E-1100,,,,환경 리스크 평가 규정,,,,,,,총  무  팀,,,,,,,,,,,,,,,,,J-1103,,,,작업표준서 작성 및 관리 지침,,,,,,,생  산  팀,,,,
,,,,,,,,,,,,,E-1101,,,,환경측면 파악 및 리스크 평가표 작성지침,,,,,,,총  무  팀,,,,,,,,,,,,,,,,,D-1100,,,,제품 특성 안전관리 규정,,,,,,,개  발  팀,,,,
,,,,,,,,,,,,,J-1101,,,,공정FMEA 작성 및 관리 지침,,,,,,,개  발  팀,,,,,,,,,,,,,,,,,J-2100,,,,양산부품 승인업무 규정,,,,,,,품질보증팀,,,,
,7,지원,,,,"인적자원관리 프로세스
(MP-02)",,,,,,,F-1100,,,,교육훈련 규정,,,,,,,총  무  팀,,,,,,,,,,,,,,,,,J-3100,,,,4M 변경관리 규정,,,,,,,개  발  팀,,,,
,,,,,,,,,,,,,F-1101,,,,신규 보직자 관리 지침,,,,,,,총  무  팀,,,,,,,,,,,,,,,,,J-4100,,,,도면관리 규정,,,,,,,개  발  팀,,,,
,,,,,,,,,,,,,F-2100,,,,사내자격관리 규정,,,,,,,총  무  팀,,,,,,,,,,"구매업무 프로세스
(SP-01)",,,,,,,K-1100,,,,구매업무 규정,,,,,,,구  매  팀,,,,
,,,,,,"경영관리 프로세스
(MP-01)",,,,,,,A-3200,,,,의사소통 규정,,,,,,,총  무  팀,,,,,,,,,,,,,,,,,K-1200,,,,협력업체 관리 규정,,,,,,,구  매  팀,,,,
,,,,,,,,,,,,,A-4100,,,,문서 및 자료관리 규정,,,,,,,품질보증팀,,,,,,,,,,,,,,,,,K-2100,,,,자재관리 규정,,,,,,,구  매  팀,,,,
,,,,,,,,,,,,,A-4101,,,,관리표준 작성 지침,,,,,,,품질보증팀,,,,,,,,,,"생산관리 프로세스
(CP-03)",,,,,,,M-1100,,,,생산관리 규정,,,,,,,생  산  팀,,,,
,,,,,,,,,,,,,A-4200,,,,기록관리 규정,,,,,,,총  무  팀,,,,,,,,,,,,,,,,,M-1200,,,,공정관리 규정,,,,,,,생  산  팀,,,,
,,,,,,,,,,,,,A-6100,,,,제안관리 규정,,,,,,,품질보증팀,,,,,,,,,,,,,,,,,M-2100,,,,식별 및 추적성 관리 규정,,,,,,,생  산  팀,,,,
,,,,,,,,,,,,,A-6200,,,,분임조 관리 규정,,,,,,,품질보증팀,,,,,,,,,,,,,,,,,M-3100,,,,완성품 관리 규정,,,,,,,영  업  팀,,,,
,,,,,,,,,,,,,E-2100,,,,"안전보건,환경 법규관리 규정",,,,,,,총  무  팀,,,,,,,,,,,,,,,,,L-1100,,,,설비관리 규정,,,,,,,생산기술팀,,,,
,,,,,,"검사 및 시험 프로세스
(SP-02)",,,,,,,L-3100,,,,계측기 관리 규정,,,,,,,품질보증팀,,,,,,,,,,,,,,,,,L-1200,,,,지그관리 규정,,,,,,,생산기술팀,,,,
,,,,,,,,,,,,,L-3101,,,,측정시스템 평가 지침,,,,,,,품질보증팀,,,,,,,,,,,,,,,,,E-3100,,,,환경운영관리 규정,,,,,,,총  무  팀,,,,
,,,,,,"생산관리 프로세스
(CP-03)",,,,,,,L-1100,,,,설비관리규정,,,,,,,생산기술팀,,,,,,,,,,,,,,,,,E-3101,,,,작업환경관리 지침,,,,,,,총  무  팀,,,,
,,,,,,,,,,,,,M-4100,,,,3정 5S활동 규정,,,,,,,생  산  팀,,,,,,,,,,,,,,,,,E-3102,,,,소음진동 관리 지침,,,,,,,총  무  팀,,,,
,,,,,,,,,,,,,,,,,,,,,,,,,,,,,,,,,,,,,,,,,,,,,,,,,,,,,,,,
,,,,,,,품질 환경 매뉴얼,,,,,,,,,,,,,,,,,,,,,,,,,,,,,,,,,문 서 번 호,,,,,,TPC-M-07,,,,,,,,,,
,,,,,,,,,,,,,,,,,,,,,,,,,,,,,,,,,,,,,,,,"재,개정 일자",,,,,,2025년 01월 06일,,,,,,,,,,
,,,,,,,"0.7장 프로세스 매트릭스(조항)_1,2,3공장 공통",,,,,,,,,,,,,,,,,,,,,,,,,,,,,,,,,개 정 번 호,,,,,,7,,,,,,,,,,
,,,,,,,,,,,,,,,,,,,,,,,,,,,,,,,,,,,,,,,,페   이   지,,,,,,2/2,,,,,,,,,,
,,,,,,,,,,,,,,,,,,,,,,,,,,,,,,,,,,,,,,,,,,,,,,,,,,,,,,,,
,"※1공장, 2공장은 고객사로부터 발행된 CSR 없음",,,,,,,,,,,,,,,,,,,,,,,,,,,,,,,,,,,,,,,,,,,,,,,,,,,,,,,
,N0,요구사항,,,,프로세스,,,,,,,관  련  규  정,,,,,,,,,,,책임부서,,,,,N0,요구사항,,,,프로세스,,,,,,,관  련  규  정,,,,,,,,,,,책임부서,,,,
,,,,,,,,,,,,,규정번호,,,,규  정  명  칭,,,,,,,,,,,,,,,,,,,,,,,,규정번호,,,,규  정  명  칭,,,,,,,,,,,
,8,운용,,,,"생산관리 프로세스
(CP-03)",,,,,,,E-3103,,,,폐기물 관리 지침,,,,,,,총  무  팀,,,,,10,개선,,,,"지속적 개선 프로세스
(SP-03)",,,,,,,B-2100,,,,시정조치 규정,,,,,,,품질보증팀,,,,
,,,,,,,,,,,,,E-3104,,,,유해화학물질 관리 지침,,,,,,,총  무  팀,,,,,,,,,,,,,,,,,B-2200,,,,지속적 개선업무 규정,,,,,,,품질보증팀,,,,
,,,,,,,,,,,,,E-3105,,,,대기관리 지침,,,,,,,총  무  팀,,,,,,,,,,,,,,,,,B-2300,,,,정성품질 운영 지침,,,,,,,품질보증팀,,,,
,8,운용,,,,"생산관리 프로세스
(CP-03)",,,,,,,E-3106,,,,수질관리 지침,,,,,,,총  무  팀,,,,,,,,,,,,,,,,,,,,,,,,,,,,,,,,
,,,,,,,,,,,,,E-3107,,,,소방시설 관리 지침,,,,,,,총  무  팀,,,,,,,,,,,,,,,,,,,,,,,,,,,,,,,,
,,,,,,,,,,,,,E-3108,,,,에너지 관리 지침,,,,,,,총  무  팀,,,,,,,,,,,,,,,,,,,,,,,,,,,,,,,,
,,,,,,,,,,,,,A-8101,,,,비상상태 대비 및 대응 규정,,,,,,,총  무  팀,,,,,,,,,,,,,,,,,,,,,,,,,,,,,,,,
,,,,,,,,,,,,,D-2100,,,,안전보건관리규정,,,,,,,총  무  팀,,,,,,,,,,,,,,,,,,,,,,,,,,,,,,,,
,,,,,,,,,,,,,D-2101,,,,작업장 안전관리 지침,,,,,,,총  무  팀,,,,,,,,,,,,,,,,,,,,,,,,,,,,,,,,
,,,,,,"검사 및 시험 프로세스
(SP-02)",,,,,,,L-2100,,,,검사업무 규정,,,,,,,품질보증팀,,,,,,,※규정 52개 / 지침 22개 - 총 74개,,,,,,,,,,,,,,,,,,,,,,,,,
,,,,,,,,,,,,,L-2200,,,,신뢰성 시험업무 규정,,,,,,,품질보증팀,,,,,,,,,,,,,,,,,,,,,,,,,,,,,,,,
,,,,,,,,,,,,,L-2300,,,,한도견본 관리규정,,,,,,,품질보증팀,,,,,,,,,,,,,,,,,,,,,,,,,,,,,,,,
,,,,,,,,,,,,,J-4200,,,,도면 부품 일치성 점검 지침,,,,,,,품질보증팀,,,,,,,,,,,,,,,,,,,,,,,,,,,,,,,,
,,,,,,지속적 개선 프로세스(SP-03),,,,,,,B-1100,,,,부적합품 관리규정,,,,,,,품질보증팀,,,,,,,,,,,,,,,,,,,,,,,,,,,,,,,,
,9,성과평가,,,,"영업관리 프로세스
(CP-01)",,,,,,,H-3100,,,,고객만족도 관리 규정,,,,,,,영  업  팀,,,,,,,,,,,,,,,,,,,,,,,,,,,,,,,,
,,,,,,,,,,,,,H-3200,,,,고객불만 처리 규정,,,,,,,품질보증팀,,,,,,,,,,,,,,,,,,,,,,,,,,,,,,,,
,,,,,,"경영관리 프로세스
(MP-01)",,,,,,,A-5100,,,,내부심사 규정,,,,,,,품질보증팀,,,,,,,,,,,,,,,,,,,,,,,,,,,,,,,,
,,,,,,,,,,,,,A-2200,,,,경영검토 규정,,,,,,,총  무  팀,,,,,,,,,,,,,,,,,,,,,,,,,,,,,,,,
,,,,,,,,,,,,,A-5200,,,,공정 및 제품심사 규정,,,,,,,품질보증팀,,,,,,,,,,,,,,,,,,,,,,,,,,,,,,,,
,,,,,,,,,,,,,E-5100,,,,감시 및 측정관리 규정,,,,,,,총  무  팀,,,,,,,,,,,,,,,,,,,,,,,,,,,,,,,,
,,,,,,"지속적 개선 프로세스
(SP-03)",,,,,,,L-4100,,,,통계적 기법적용 규정,,,,,,,품질보증팀,,,,,,,,,,,,,,,,,,,,,,,,,,,,,,,,
,,,,,,,,,,,,,L-4101,,,,관리도 운영 지침,,,,,,,품질보증팀,,,,,,,,,,,,,,,,,,,,,,,,,,,,,,,,
,,,,,,,,,,,,,L-4102,,,,공정능력 운영 지침,,,,,,,품질보증팀,,,,,,,,,,,,,,,,,,,,,,,,,,,,,,,,
,,,,,,,,,,,,,,,,,,,,,,,,,,,,,,,,,,,,,,,,,,,,,,,,,,,,,,,,
,,,,,,,,,,,,,,,,,,,,,,,,,,,,,,,,,,,,,,,,,,,,,,,,,,,,,,,,
,,,,,,,,,,,,,,,,,,,,,,,,,,,,,,,,,,,,,,,,,,,,,,,,,,,,,,,,
,,,,,,,,,,,,,,,,,,,,,,,,,,,,,,,,,,,,,,,,,,,,,,,,,,,,,,,,
,,,,,,,,,,,,,,,,,,,,,,,,,,,,,,,,,,,,,,,,,,,,,,,,,,,,,,,,
,,,,,,,,,,,,,,,,,,,,,,,,,,,,,,,,,,,,,,,,,,,,,,,,,,,,,,,,
,,,,,,,,,,,,,,,,,,,,,,,,,,,,,,,,,,,,,,,,,,,,,,,,,,,,,,,,
,,,,,,,,,,,,,,,,,,,,,,,,,,,,,,,,,,,,,,,,,,,,,,,,,,,,,,,,
,,,,,,,,,,,,,,,,,,,,,,,,,,,,,,,,,,,,,,,,,,,,,,,,,,,,,,,,
,,,,,,,,,,,,,,,,,,,,,,,,,,,,,,,,,,,,,,,,,,,,,,,,,,,,,,,,
,,,,,,,,,,,,,,,,,,,,,,,,,,,,,,,,,,,,,,,,,,,,,,,,,,,,,,,,
,,,,,,,,,,,,,,,,,,,,,,,,,,,,,,,,,,,,,,,,,,,,,,,,,,,,,,,,
,,,,,,,,,,,,,,,,,,,,,,,,,,,,,,,,,,,,,,,,,,,,,,,,,,,,,,,,
,,,,,,,,,,,,,,,,,,,,,,,,,,,,,,,,,,,,,,,,,,,,,,,,,,,,,,,,
,,,,,,,,,,,,,,,,,,,,,,,,,,,,,,,,,,,,,,,,,,,,,,,,,,,,,,,,
,,,,,,,,,,,,,,,,,,,,,,,,,,,,,,,,,,,,,,,,,,,,,,,,,,,,,,,,
,,,,,,,,,,,,,,,,,,,,,,,,,,,,,,,,,,,,,,,,,,,,,,,,,,,,,,,,
,,,,,,,,,,,,,,,,,,,,,,,,,,,,,,,,,,,,,,,,,,,,,,,,,,,,,,,,
,,,,,,,,,,,,,,,,,,,,,,,,,,,,,,,,,,,,,,,,,,,,,,,,,,,,,,,,
,,,,,,,,,,,,,,,,,,,,,,,,,,,,,,,,,,,,,,,,,,,,,,,,,,,,,,,,
,,,,,,,,,,,,,,,,,,,,,,,,,,,,,,,,,,,,,,,,,,,,,,,,,,,,,,,,
,,,,,,,,,,,,,,,,,,,,,,,,,,,,,,,,,,,,,,,,,,,,,,,,,,,,,,,,
,,,,,,,,,,,,,,,,,,,,,,,,,,,,,,,,,,,,,,,,,,,,,,,,,,,,,,,,
,,,,,,,,,,,,,,,,,,,,,,,,,,,,,,,,,,,,,,,,,,,,,,,,,,,,,,,,
,,,,,,,,,,,,,,,,,,,,,,,,,,,,,,,,,,,,,,,,,,,,,,,,,,,,,,,,
,,,,,,,,,,,,,,,,,,,,,,,,,,,,,,,,,,,,,,,,,,,,,,,,,,,,,,,,
,,,,,,,,,,,,,,,,,,,,,,,,,,,,,,,,,,,,,,,,,,,,,,,,,,,,,,,,
,,,,,,,,,,,,,,,,,,,,,,,,,,,,,,,,,,,,,,,,,,,,,,,,,,,,,,,,
,,,,,,,,,,,,,,,,,,,,,,,,,,,,,,,,,,,,,,,,,,,,,,,,,,,,,,,,
,,,,,,,,,,,,,,,,,,,,,,,,,,,,,,,,,,,,,,,,,,,,,,,,,,,,,,,,
,,,,,,,,,,,,,,,,,,,,,,,,,,,,,,,,,,,,,,,,,,,,,,,,,,,,,,,,
,,,,,,,,,,,,,,,,,,,,,,,,,,,,,,,,,,,,,,,,,,,,,,,,,,,,,,,,
,,,,,,,,,,,,,,,,,,,,,,,,,,,,,,,,,,,,,,,,,,,,,,,,,,,,,,,,
,,,,,,,,,,,,,,,,,,,,,,,,,,,,,,,,,,,,,,,,,,,,,,,,,,,,,,,,
,,,,,,,,,,,,,,,,,,,,,,,,,,,,,,,,,,,,,,,,,,,,,,,,,,,,,,,,
,,,,,,,,,,,,,,,,,,,,,,,,,,,,,,,,,,,,,,,,,,,,,,,,,,,,,,,,
,,,,,,,,,,,,,,,,,,,,,,,,,,,,,,,,,,,,,,,,,,,,,,,,,,,,,,,,
,,,,,,,,,,,,,,,,,,,,,,,,,,,,,,,,,,,,,,,,,,,,,,,,,,,,,,,,
,,,,,,,,,,,,,,,,,,,,,,,,,,,,,,,,,,,,,,,,,,,,,,,,,,,,,,,,
,,,,,,,,,,,,,,,,,,,,,,,,,,,,,,,,,,,,,,,,,,,,,,,,,,,,,,,,
,,,,,,,,,,,,,,,,,,,,,,,,,,,,,,,,,,,,,,,,,,,,,,,,,,,,,,,,
,,,,,,,,,,,,,,,,,,,,,,,,,,,,,,,,,,,,,,,,,,,,,,,,,,,,,,,,
,,,,,,,,,,,,,,,,,,,,,,,,,,,,,,,,,,,,,,,,,,,,,,,,,,,,,,,,
,,,,,,,,,,,,,,,,,,,,,,,,,,,,,,,,,,,,,,,,,,,,,,,,,,,,,,,,
,,,,,,,,,,,,,,,,,,,,,,,,,,,,,,,,,,,,,,,,,,,,,,,,,,,,,,,,
,,,,,,,,,,,,,,,,,,,,,,,,,,,,,,,,,,,,,,,,,,,,,,,,,,,,,,,,
,,,,,,,,,,,,,,,,,,,,,,,,,,,,,,,,,,,,,,,,,,,,,,,,,,,,,,,,
,,,,,,,,,,,,,,,,,,,,,,,,,,,,,,,,,,,,,,,,,,,,,,,,,,,,,,,,
,,,,,,,,,,,,,,,,,,,,,,,,,,,,,,,,,,,,,,,,,,,,,,,,,,,,,,,,
,,,,,,,,,,,,,,,,,,,,,,,,,,,,,,,,,,,,,,,,,,,,,,,,,,,,,,,,
,,,,,,,,,,,,,,,,,,,,,,,,,,,,,,,,,,,,,,,,,,,,,,,,,,,,,,,,
,,,,,,,,,,,,,,,,,,,,,,,,,,,,,,,,,,,,,,,,,,,,,,,,,,,,,,,,
,,,,,,,,,,,,,,,,,,,,,,,,,,,,,,,,,,,,,,,,,,,,,,,,,,,,,,,,
,,,,,,,,,,,,,,,,,,,,,,,,,,,,,,,,,,,,,,,,,,,,,,,,,,,,,,,,
,,,,,,,,,,,,,,,,,,,,,,,,,,,,,,,,,,,,,,,,,,,,,,,,,,,,,,,,
,,,,,,,,,,,,,,,,,,,,,,,,,,,,,,,,,,,,,,,,,,,,,,,,,,,,,,,,
,,,,,,,,,,,,,,,,,,,,,,,,,,,,,,,,,,,,,,,,,,,,,,,,,,,,,,,,
,,,,,,,,,,,,,,,,,,,,,,,,,,,,,,,,,,,,,,,,,,,,,,,,,,,,,,,,
,,,,,,,,,,,,,,,,,,,,,,,,,,,,,,,,,,,,,,,,,,,,,,,,,,,,,,,,
,,,,,,,,,,,,,,,,,,,,,,,,,,,,,,,,,,,,,,,,,,,,,,,,,,,,,,,,
,,,,,,,,,,,,,,,,,,,,,,,,,,,,,,,,,,,,,,,,,,,,,,,,,,,,,,,,
,,,,,,,,,,,,,,,,,,,,,,,,,,,,,,,,,,,,,,,,,,,,,,,,,,,,,,,,
,,,,,,,,,,,,,,,,,,,,,,,,,,,,,,,,,,,,,,,,,,,,,,,,,,,,,,,,
,,,,,,,,,,,,,,,,,,,,,,,,,,,,,,,,,,,,,,,,,,,,,,,,,,,,,,,,
,,,,,,,,,,,,,,,,,,,,,,,,,,,,,,,,,,,,,,,,,,,,,,,,,,,,,,,,
,,,,,,,,,,,,,,,,,,,,,,,,,,,,,,,,,,,,,,,,,,,,,,,,,,,,,,,,
,,,,,,,,,,,,,,,,,,,,,,,,,,,,,,,,,,,,,,,,,,,,,,,,,,,,,,,,
,,,,,,,,,,,,,,,,,,,,,,,,,,,,,,,,,,,,,,,,,,,,,,,,,,,,,,,,
,,,,,,,,,,,,,,,,,,,,,,,,,,,,,,,,,,,,,,,,,,,,,,,,,,,,,,,,
,,,,,,,,,,,,,,,,,,,,,,,,,,,,,,,,,,,,,,,,,,,,,,,,,,,,,,,,
,,,,,,,,,,,,,,,,,,,,,,,,,,,,,,,,,,,,,,,,,,,,,,,,,,,,,,,,
,,,,,,,,,,,,,,,,,,,,,,,,,,,,,,,,,,,,,,,,,,,,,,,,,,,,,,,,
,,,,,,,,,,,,,,,,,,,,,,,,,,,,,,,,,,,,,,,,,,,,,,,,,,,,,,,,
,,,,,,,,,,,,,,,,,,,,,,,,,,,,,,,,,,,,,,,,,,,,,,,,,,,,,,,,
,,,,,,,,,,,,,,,,,,,,,,,,,,,,,,,,,,,,,,,,,,,,,,,,,,,,,,,,
,,,,,,,,,,,,,,,,,,,,,,,,,,,,,,,,,,,,,,,,,,,,,,,,,,,,,,,,
,,,,,,,,,,,,,,,,,,,,,,,,,,,,,,,,,,,,,,,,,,,,,,,,,,,,,,,,
