"code","dept","file","sheet","kind"
"","완료","1.품질환경 매뉴얼 (REV.7_250106_프로세스맵 포함)_1,2,3공장 공통적용_완료","표지","etc"
"","완료","1.품질환경 매뉴얼 (REV.7_250106_프로세스맵 포함)_1,2,3공장 공통적용_완료","0.1목차","etc"
"","완료","1.품질환경 매뉴얼 (REV.7_250106_프로세스맵 포함)_1,2,3공장 공통적용_완료","0.2개정이력","register"
"","완료","1.품질환경 매뉴얼 (REV.7_250106_프로세스맵 포함)_1,2,3공장 공통적용_완료","0.3품질_환경방침","etc"
"","완료","1.품질환경 매뉴얼 (REV.7_250106_프로세스맵 포함)_1,2,3공장 공통적용_완료","0.4회사소개","etc"
"","완료","1.품질환경 매뉴얼 (REV.7_250106_프로세스맵 포함)_1,2,3공장 공통적용_완료","0.5프로세스맵","etc"
"","완료","1.품질환경 매뉴얼 (REV.7_250106_프로세스맵 포함)_1,2,3공장 공통적용_완료","0.6프로세스 매트릭스(부서)","etc"
"","완료","1.품질환경 매뉴얼 (REV.7_250106_프로세스맵 포함)_1,2,3공장 공통적용_완료","0.7프로세스 매트릭스(조항)","etc"
"","완료","1.품질환경 매뉴얼 (REV.7_250106_프로세스맵 포함)_1,2,3공장 공통적용_완료","0.7-1(3공장)ZF CSR반영한 요구사항 매트릭스","etc"
"","완료","1.품질환경 매뉴얼 (REV.7_250106_프로세스맵 포함)_1,2,3공장 공통적용_완료","0.7-2(3공장)ZF CSR반영한 요구사항 매트릭스참고","etc"
"","완료","1.품질환경 매뉴얼 (REV.7_250106_프로세스맵 포함)_1,2,3공장 공통적용_완료","1.적용범위_목적","etc"
"","완료","1.품질환경 매뉴얼 (REV.7_250106_프로세스맵 포함)_1,2,3공장 공통적용_완료","2.인용규격","doc"
"","완료","1.품질환경 매뉴얼 (REV.7_250106_프로세스맵 포함)_1,2,3공장 공통적용_완료","3.용어의정의","etc"
"","완료","1.품질환경 매뉴얼 (REV.7_250106_프로세스맵 포함)_1,2,3공장 공통적용_완료","4.조직상황","etc"
"","완료","1.품질환경 매뉴얼 (REV.7_250106_프로세스맵 포함)_1,2,3공장 공통적용_완료","5.리더쉽","etc"
"","완료","1.품질환경 매뉴얼 (REV.7_250106_프로세스맵 포함)_1,2,3공장 공통적용_완료","6.기획","etc"
"","완료","1.품질환경 매뉴얼 (REV.7_250106_프로세스맵 포함)_1,2,3공장 공통적용_완료","7.지원","etc"
"","완료","1.품질환경 매뉴얼 (REV.7_250106_프로세스맵 포함)_1,2,3공장 공통적용_완료","8.운용","etc"
"","완료","1.품질환경 매뉴얼 (REV.7_250106_프로세스맵 포함)_1,2,3공장 공통적용_완료","9.성과평가","etc"
"","완료","1.품질환경 매뉴얼 (REV.7_250106_프로세스맵 포함)_1,2,3공장 공통적용_완료","10.개선","etc"
"","완료","1.품질환경 매뉴얼 (REV.7_250106_프로세스맵 포함)_1,2,3공장 공통적용_완료","카메라","etc"
"","25년4월1일 기준","2.품질 및 환경 시스템 문서 목록표_25년4월1일 기준","품질 시스템 문서 목록표","register"
"","25년4월1일 기준","2.품질 및 환경 시스템 문서 목록표_25년4월1일 기준","안전보건환경 시스템 문서 목록표","register"
"","영업","CP-01_영업관리 프로세스 (23년5월1일_REV.5)_영업","TPC-CP-01 영업관리 프로세스","etc"
"","개발","CP-02_개발관리 프로세스 (23년5월1일_REV.5)_개발","TPC-CP-02 개발관리 프로세스","etc"
"","생산","CP-03_생산관리 프로세스 (23년5월1일_REV.5)_생산","TPC-CP-03 생산관리 프로세스","etc"
"","전부서","MP-01_경영관리 프로세스 (23년5월1일_REV.5)_전부서","TPC-MP-01 경영관리 프로세스","etc"
"","전부서","MP-02_리스크관리 프로세스 (23년5월1일_REV.5)_전부서","TPC-MP-02 리스크 관리 프로세스","etc"
"","전부서","MP-03_인적 자원관리 프로세스 (23년5월1일_REV.5)_전부서","TPC-MP-02 인적자원 관리 프로세스","etc"
"","구매,생산,영업","SP-01_구매관리 프로세스 (23년5월1일_REV.5)_구매,생산,영업","TPC-SP-01 구매관리 프로세스","etc"
"","품질보증","SP-02_검사 및 시험 프로세스 (23년5월1일_REV.5)_품질보증","TPC-SP-02 검사 및 시험 프로세스","etc"
"","품질보증","SP-03_지속적 개선 프로세스 (23년5월1일_REV.5)_품질보증","TPC-SP-03 지속적 개선 프로세스","etc"
"A-1100","총무","A-1100 조직 및 업무분장 규정 (25년6월27일_REV.6)_총무","조직 및 업무분장 규정(A-1100)","doc"
"A-1100","총무","A-1100 조직 및 업무분장 규정 (25년6월27일_REV.6)_총무","Sheet1","etc"
"A-1100","총무","A-1100 조직 및 업무분장 규정 (25년6월27일_REV.6)_총무","(   )사업부 개인별 업무 분장표 (A1100-01)","form"
"A-1100","총무","A-1100 조직 및 업무분장 규정 (25년6월27일_REV.6)_총무","업무분장 변경 신청서 (A1100-02)","form"
"A-1100","총무","A-1100 조직 및 업무분장 규정 (25년6월27일_REV.6)_총무","조직 및 업무분장 규정(A-1100) (구본)","doc"
"A-2100","총무","A-2100 사업계획 운영 규정 (23년5월1일_REV.5)_총무","사업계획 운영 규정(A-2100)","doc"
"A-2100","총무","A-2100 사업계획 운영 규정 (23년5월1일_REV.5)_총무","내외부이슈","etc"
"A-2100","총무","A-2100 사업계획 운영 규정 (23년5월1일_REV.5)_총무","이해관계자","etc"
"A-2100","총무","A-2100 사업계획 운영 규정 (23년5월1일_REV.5)_총무","SWOT분석표","etc"
"A-2200","총무","A-2200 경영검토 규정 (23년5월1일_REV.5)_총무","경영검토 규정(A-2200)","doc"
"A-2200","총무","A-2200 경영검토 규정 (23년5월1일_REV.5)_총무","회의록 (A2200-01)","form"
"A-2200","총무","A-2200 경영검토 규정 (23년5월1일_REV.5)_총무","(    )년 경영검토 계획서 (A2200-02)","form"
"A-2200","총무","A-2200 경영검토 규정 (23년5월1일_REV.5)_총무","(    )년 경영검토 보고서 (A2200-03)","form"
"A-3100","총무","A-3100 회의 운영 규정 (23년5월1일_REV.5)_총무","회의 운영 규정(A-3100)","doc"
"A-3200","총무","A-3200 의사소통 규정 (23년5월1일_REV.5)_총무","의사소통규정(A-3200)","doc"
"A-3200","총무","A-3200 의사소통 규정 (23년5월1일_REV.5)_총무","이해관계자 불만 조치대장(A3200-01)","form"
"A-3200","총무","A-3200 의사소통 규정 (23년5월1일_REV.5)_총무","이해관계자 불만 조치일지(A3200-02)","form"
"A-4100","품질경영","A-4100 문서 및 자료 관리 규정 (23년5월1일_REV.5)_품질경영","문서 및 자료관리 규정(A-4100)","doc"
"A-4100","품질경영","A-4100 문서 및 자료 관리 규정 (23년5월1일_REV.5)_품질경영","회사표준관리대장(A4100-01)","form"
"A-4100","품질경영","A-4100 문서 및 자료 관리 규정 (23년5월1일_REV.5)_품질경영","표준 제개정 신청서(A4100-02)","form"
"A-4100","품질경영","A-4100 문서 및 자료 관리 규정 (23년5월1일_REV.5)_품질경영","기술표준관리대장(A4100-03)","form"
"A-4100","품질경영","A-4100 문서 및 자료 관리 규정 (23년5월1일_REV.5)_품질경영","자료관리대장(A4100-04)","form"
"A-4100","품질경영","A-4100 문서 및 자료 관리 규정 (23년5월1일_REV.5)_품질경영","양식 제개정 신청서(A4100-05)","form"
"A-4100","품질경영","A-4100 문서 및 자료 관리 규정 (23년5월1일_REV.5)_품질경영","양식등록대장(A4100-06)","form"
"A-4101","품질경영","A-4101 관리표준작성 지침 (23년5월1일_REV.5)_품질경영","관리표준 작성(A-4101)","etc"
"A-4101","품질경영","A-4101 관리표준작성 지침 (23년5월1일_REV.5)_품질경영","표준양식(갑지)","form"
"A-4101","품질경영","A-4101 관리표준작성 지침 (23년5월1일_REV.5)_품질경영","표준양식(을지)","form"
"A-4101","품질경영","A-4101 관리표준작성 지침 (23년5월1일_REV.5)_품질경영","프로세스 양식","form"
"A-4200","총무","A-4200 기록관리 규정 (23년5월1일_REV.5)_총무","기록관리 규정(A-4200)","doc"
"A-4200","총무","A-4200 기록관리 규정 (23년5월1일_REV.5)_총무","보존기록목록표 (A4200-01)","form"
"A-4200","총무","A-4200 기록관리 규정 (23년5월1일_REV.5)_총무","기록분류표 (A4200-02)","form"
"A-4200","총무","A-4200 기록관리 규정 (23년5월1일_REV.5)_총무","폐기기록 목록표(A4200-03)","form"
"A-5100","품질경영","A-5100 내부심사 규정 (24년5월27일_REV.6)_품질경영","내부심사 규정(A-5100)","doc"
"A-5100","품질경영","A-5100 내부심사 규정 (24년5월27일_REV.6)_품질경영","내부심사 년간 계획 및 실적 (A5100-01)","form"
"A-5100","품질경영","A-5100 내부심사 규정 (24년5월27일_REV.6)_품질경영","내부심사(품질,환경,안전) 실시 계획서(A5100-02)","form"
"A-5100","품질경영","A-5100 내부심사 규정 (24년5월27일_REV.6)_품질경영","내부심사(갑지) 보고서 (A5100-03)","form"
"A-5100","품질경영","A-5100 내부심사 규정 (24년5월27일_REV.6)_품질경영","내부심사(품질,환경,안전) 체크리스트 (A5100-04)","form"
"A-5100","품질경영","A-5100 내부심사 규정 (24년5월27일_REV.6)_품질경영","시정․예방조치 요구서_품질,환경,안전 (B2100-01)","form"
"A-5100","품질경영","A-5100 내부심사 규정 (24년5월27일_REV.6)_품질경영","지적사항(품질,환경,안전) 개선대책서(B2100-1-1)","etc"
"A-5200","품질경영","A-5200 공정 및 제품심사 규정 (23년5월1일_REV.5)_품질경영","공정 및 제품심사 규정(A-5200)","doc"
"A-5200","품질경영","A-5200 공정 및 제품심사 규정 (23년5월1일_REV.5)_품질경영","내부심사(제조) 체크리스트 A5200-03","form"
"A-5200","품질경영","A-5200 공정 및 제품심사 규정 (23년5월1일_REV.5)_품질경영","내부심사(제조) 지적 개선대책 A5200-3-1","etc"
"A-5200","품질경영","A-5200 공정 및 제품심사 규정 (23년5월1일_REV.5)_품질경영","내부심사(제품) 체크리스트 A5200-04","form"
"A-5200","품질경영","A-5200 공정 및 제품심사 규정 (23년5월1일_REV.5)_품질경영","내부심사(제품) 성적서 A5200-04-01","form"
"A-6100","품질경영","A-6100 제안관리 규정 (23년5월1일_REV.5)_품질경영","제안관리규정(A-6100)","doc"
"A-6100","품질경영","A-6100 제안관리 규정 (23년5월1일_REV.5)_품질경영","나의 제안(A6100-01)","form"
"A-6100","품질경영","A-6100 제안관리 규정 (23년5월1일_REV.5)_품질경영","제안관리대장(A6100-02)","form"
"A-6100","품질경영","A-6100 제안관리 규정 (23년5월1일_REV.5)_품질경영","제안종합현황(A6100-03)","form"
"A-6200","품질경영","A-6200 분임조관리 규정 (23년5월1일_REV.5)_품질경영","분임조관리규정(A-6200)","doc"
"A-6200","품질경영","A-6200 분임조관리 규정 (23년5월1일_REV.5)_품질경영","분임조 등록카드(A6200-01)","form"
"A-6200","품질경영","A-6200 분임조관리 규정 (23년5월1일_REV.5)_품질경영","분임조 활동계획서(A6200-02)","form"
"A-6200","품질경영","A-6200 분임조관리 규정 (23년5월1일_REV.5)_품질경영","분임조 활동 회의록(A6200-03)","form"
"A-6200","품질경영","A-6200 분임조관리 규정 (23년5월1일_REV.5)_품질경영","분임조 결과보고서(A6200-04)","form"
"A-6300","품질보증","A-6300 품질문제 신고포상 규정 (25년6월13일_REV.0)_품질보증","제안관리규정(A-6100)","doc"
"A-6300","품질보증","A-6300 품질문제 신고포상 규정 (25년6월13일_REV.0)_품질보증","품질문제 신고서 (A6300-01)","form"
"A-7100","총무","A-7100 윤리경영 규정 (23년5월1일_REV.5)_총무","윤리경영규정(A-7100)","doc"
"A-7100","총무","A-7100 윤리경영 규정 (23년5월1일_REV.5)_총무","윤리경영행동지침(A7100-01)","form"
"A-7100","총무","A-7100 윤리경영 규정 (23년5월1일_REV.5)_총무","클린신고서(A7100-02)","form"
"A-8100","품질경영","A-8100 리스크 관리 규정 (23년5월1일_REV.5)_품질경영","리스크 관리(A-8100)","etc"
"A-8100","품질경영","A-8100 리스크 관리 규정 (23년5월1일_REV.5)_품질경영","리스크 분석 업무 절차 및 업무 분장","doc"
"A-8100","품질경영","A-8100 리스크 관리 규정 (23년5월1일_REV.5)_품질경영","RISK 분석표(A8100-1)_","etc"
"A-8101","총무","A-8101 비상상태 대비 및 대응 규정 (25년6월25일_REV.6)_총무","비상사태 대비 및 대응","etc"
"A-8101","총무","A-8101 비상상태 대비 및 대응 규정 (25년6월25일_REV.6)_총무","비상사태 발생시 대응 방안(A8101-01)","form"
"A-8101","총무","A-8101 비상상태 대비 및 대응 규정 (25년6월25일_REV.6)_총무","비상사태 대비 훈련결과 보고서(A8101-02)","form"
"A-8101","총무","A-8101 비상상태 대비 및 대응 규정 (25년6월25일_REV.6)_총무","비상사태 대비 훈련 평가표(A8101-03)","form"
"A-8101","총무","A-8101 비상상태 대비 및 대응 규정 (25년6월25일_REV.6)_총무","비상사태 검토 보고서(A8101-04)","form"
"A-8101","총무","A-8101 비상상태 대비 및 대응 규정 (25년6월25일_REV.6)_총무","카메라","etc"
"B-1100","품질보증","B-1100 부적합품 관리 규정 (25년6월25일_REV.7)_품질보증","부적합품 관리(B-1100)","etc"
"B-1100","품질보증","B-1100 부적합품 관리 규정 (25년6월25일_REV.7)_품질보증","부적합품 발생 통보서 (B1100-01)","form"
"B-1100","품질보증","B-1100 부적합품 관리 규정 (25년6월25일_REV.7)_품질보증","부적합품 발생 통보서 관리대장 (B1100-02)","form"
"B-1100","품질보증","B-1100 부적합품 관리 규정 (25년6월25일_REV.7)_품질보증","특채 관리대장 (B1100-09)","form"
"B-1100","품질보증","B-1100 부적합품 관리 규정 (25년6월25일_REV.7)_품질보증","특채 의뢰서 (B1100-03)","form"
"B-1100","품질보증","B-1100 부적합품 관리 규정 (25년6월25일_REV.7)_품질보증","수리 작업 일지 (B1100-04)","form"
"B-1100","품질보증","B-1100 부적합품 관리 규정 (25년6월25일_REV.7)_품질보증","불량유출 봉쇄 작업표 (B1100-05)","form"
"B-1100","품질보증","B-1100 부적합품 관리 규정 (25년6월25일_REV.7)_품질보증","폐기보고 관리대장(B1100-10)","form"
"B-1100","품질보증","B-1100 부적합품 관리 규정 (25년6월25일_REV.7)_품질보증","폐기보고서(B1100-06)","form"
"B-1100","품질보증","B-1100 부적합품 관리 규정 (25년6월25일_REV.7)_품질보증","품질문제 발생 신속 대응 계통도 (B1100-07)","form"
"B-1100","품질보증","B-1100 부적합품 관리 규정 (25년6월25일_REV.7)_품질보증","부적합품 처리 기준_가로 (B1100-08)","form"
"B-1100","품질보증","B-1100 부적합품 관리 규정 (25년6월25일_REV.7)_품질보증","부적합품 처리 기준_세로 (B1100-08)","form"
"B-1100","품질보증","B-1100 부적합품 관리 규정 (25년6월25일_REV.7)_품질보증","부적합 보관장 관리 대장(B1100-11)","form"
"B-2100","품질보증","B-2100 시정조치 규정 (25년8월18일_REV.6)_품질보증","시정 및 예방조치 규정(B-2100)","doc"
"B-2100","품질보증","B-2100 시정조치 규정 (25년8월18일_REV.6)_품질보증","(시정․예방)조치 요구서 (B2100-01)","form"
"B-2100","품질보증","B-2100 시정조치 규정 (25년8월18일_REV.6)_품질보증","시정 및 예방조치 등록대장(B2100-02)","form"
"B-2100","품질보증","B-2100 시정조치 규정 (25년8월18일_REV.6)_품질보증","개선 대책서 (B2100-03)","form"
"B-2100","품질보증","B-2100 시정조치 규정 (25년8월18일_REV.6)_품질보증","고객사 불량 유효성 검증 관리대장 (B2100-11)","form"
"B-2100","품질보증","B-2100 시정조치 규정 (25년8월18일_REV.6)_품질보증","유효성 점검 체크시트 (B2100-12)","form"
"B-2100","품질보증","B-2100 시정조치 규정 (25년8월18일_REV.6)_품질보증","장기테마 (B2100-04)_품질","form"
"B-2100","품질보증","B-2100 시정조치 규정 (25년8월18일_REV.6)_품질보증","즉실천항목 (B2100-05)_품질","form"
"B-2100","품질보증","B-2100 시정조치 규정 (25년8월18일_REV.6)_품질보증","금형 진행사항 점검 (B2100-06)_생산","form"
"B-2100","품질보증","B-2100 시정조치 규정 (25년8월18일_REV.6)_품질보증","설비점검 진행사항 (B2100-07)_생산기술","form"
"B-2100","품질보증","B-2100 시정조치 규정 (25년8월18일_REV.6)_품질보증","4M변경 내역 및 적용일자 관리 (B2100-08)_품질","form"
"B-2100","품질보증","B-2100 시정조치 규정 (25년8월18일_REV.6)_품질보증","공정개선 T O 진행사항 점검 (B2100-09)_생산","form"
"B-2100","품질보증","B-2100 시정조치 규정 (25년8월18일_REV.6)_품질보증","용접 개선 T O 진행사항 점검 (B2100-10)_생기","form"
"B-2200","품질보증","B-2200 지속적 개선업무 규정 (23년5월1일_REV.5)_품질보증","지속적 개선업무(B-2200)","etc"
"B-2300","품질보증","B-2300 정성품질 운영 지침 (25년8월1일_REV.1)_품질보증","정성품질 운영 지침(B-2300)","doc"
"B-2300","품질보증","B-2300 정성품질 운영 지침 (25년8월1일_REV.1)_품질보증","정성품질 CFT 업무 분장(B2300-1)","etc"
"B-2300","품질보증","B-2300 정성품질 운영 지침 (25년8월1일_REV.1)_품질보증","정성품질 취합 대장(B2300-2)","register"
"B-2300","품질보증","B-2300 정성품질 운영 지침 (25년8월1일_REV.1)_품질보증","정성품질 점검 체크시트(B2300-3)","etc"
"B-2300","품질보증","B-2300 정성품질 운영 지침 (25년8월1일_REV.1)_품질보증","인라인 공정불량 사례 시트(B2300-7)","etc"
"B-2300","품질보증","B-2300 정성품질 운영 지침 (25년8월1일_REV.1)_품질보증","문제점 및 개선 제안서(B2300-4)","etc"
"B-2300","품질보증","B-2300 정성품질 운영 지침 (25년8월1일_REV.1)_품질보증","정성품질 개선 타당성 검토(B2300-5)","etc"
"B-2300","품질보증","B-2300 정성품질 운영 지침 (25년8월1일_REV.1)_품질보증","유효성 평가 보고서(B2300-6)","etc"
"B-2300","품질보증","B-2300 정성품질 운영 지침 (25년8월1일_REV.1)_품질보증","정성품질 순회 점검 시트(B2300-3)","etc"
"D-1100","개발","D-1100 제품 특성 안전관리 규정 (23년5월1일_REV.5)_개발","제품안전관리","etc"
"D-1100","개발","D-1100 제품 특성 안전관리 규정 (23년5월1일_REV.5)_개발","안전 사고 발생보고서(D1100-01)","form"
"D-1100","개발","D-1100 제품 특성 안전관리 규정 (23년5월1일_REV.5)_개발","제품 안전교육 보고서(D1100-03)","form"
"D-1100","개발","D-1100 제품 특성 안전관리 규정 (23년5월1일_REV.5)_개발","공정 안전점검 연간 계획_실적(D1100-04)","form"
"D-1100","개발","D-1100 제품 특성 안전관리 규정 (23년5월1일_REV.5)_개발","공정 안전점검 체크시트(D1100-05)","form"
"D-1100","개발","D-1100 제품 특성 안전관리 규정 (23년5월1일_REV.5)_개발","공정 안전점검 개선대책(D1100-06)","form"
"D-1100","개발","D-1100 제품 특성 안전관리 규정 (23년5월1일_REV.5)_개발","연간 제품안전교육 계획서(D1100-02)","form"
"F-1100","총무","F-1100 교육훈련 규정 (25년6월13일_REV.9)_총무","교육훈련 규정(F-1100)","doc"
"F-1100","총무","F-1100 교육훈련 규정 (25년6월13일_REV.9)_총무","년 사내외 교육훈련 계획서 (F1100-01)","form"
"F-1100","총무","F-1100 교육훈련 규정 (25년6월13일_REV.9)_총무","교육 이수 보고서 (F1100-02)","form"
"F-1100","총무","F-1100 교육훈련 규정 (25년6월13일_REV.9)_총무","지식 관리표 (F1100-04)","form"
"F-1100","총무","F-1100 교육훈련 규정 (25년6월13일_REV.9)_총무","사내교육 관리대장(F1100-05)","form"
"F-1100","총무","F-1100 교육훈련 규정 (25년6월13일_REV.9)_총무","사내 교육 보고서(F1100-06)","form"
"F-1100","총무","F-1100 교육훈련 규정 (25년6월13일_REV.9)_총무","카메라","etc"
"F-1100","총무","F-1100 교육훈련 규정 (25년6월13일_REV.9)_총무","200330개정 이전자료","etc"
"F-1101","총무","F-1101 신규보직자 관리 지침(23년5월1일_REV.5)_총무","신규보직자교육훈련지침(F-1101)","doc"
"F-1101","총무","F-1101 신규보직자 관리 지침(23년5월1일_REV.5)_총무","신임 교육 계획서 (F1101-01)","form"
"F-1101","총무","F-1101 신규보직자 관리 지침(23년5월1일_REV.5)_총무","신임 교육 일지 (F1101-02)","form"
"F-2100","품질경영","F-2100 사내 자격관리 규정 (23년5월1일_REV.5)_품질경영","사내자격관리 규정(F-2100)","doc"
"F-2100","품질경영","F-2100 사내 자격관리 규정 (23년5월1일_REV.5)_품질경영","사내 자격 관리대장 (F2100-01)","form"
"F-2100","품질경영","F-2100 사내 자격관리 규정 (23년5월1일_REV.5)_품질경영","사내 자격 인증 카드 (F2100-02)","form"
"F-2100","품질경영","F-2100 사내 자격관리 규정 (23년5월1일_REV.5)_품질경영","사내 자격 인증서 (F2100-03)","form"
"F-2100","품질경영","F-2100 사내 자격관리 규정 (23년5월1일_REV.5)_품질경영","자격 인증 교육 및 평가서 (F2100-11)","form"
"F-2100","품질경영","F-2100 사내 자격관리 규정 (23년5월1일_REV.5)_품질경영","자격인증 변경 요청서 (F2100-04)","form"
"F-2100","품질경영","F-2100 사내 자격관리 규정 (23년5월1일_REV.5)_품질경영","공정별 전담자 및 대체자 관리기준 (F2100-12)","form"
"F-2100","품질경영","F-2100 사내 자격관리 규정 (23년5월1일_REV.5)_품질경영","공정면허 자격인증 평가서(종합) (F2100-13)","form"
"F-2100","품질경영","F-2100 사내 자격관리 규정 (23년5월1일_REV.5)_품질경영","공정면허 자격인증평가(갑지) (F2100-14)","form"
"F-2100","품질경영","F-2100 사내 자격관리 규정 (23년5월1일_REV.5)_품질경영","공정면허 이론평가서 1안 (F2100-05-01)","form"
"F-2100","품질경영","F-2100 사내 자격관리 규정 (23년5월1일_REV.5)_품질경영","공정면허 이론평가서 2안 (F2100-05-02)","form"
"F-2100","품질경영","F-2100 사내 자격관리 규정 (23년5월1일_REV.5)_품질경영","공정 자격인증카드_공정 게시용 (F2100-15)","form"
"F-2100","품질경영","F-2100 사내 자격관리 규정 (23년5월1일_REV.5)_품질경영","공정면허 실기평가서 (F2100-06)","form"
"F-2100","품질경영","F-2100 사내 자격관리 규정 (23년5월1일_REV.5)_품질경영","숙련도_다기능 평가 계획 (F2100-07)","form"
"F-2100","품질경영","F-2100 사내 자격관리 규정 (23년5월1일_REV.5)_품질경영","숙련도 평가표 (F2100-08)","form"
"F-2100","품질경영","F-2100 사내 자격관리 규정 (23년5월1일_REV.5)_품질경영","작업자 현장 직무 현황 (F2100-09)","form"
"F-2100","품질경영","F-2100 사내 자격관리 규정 (23년5월1일_REV.5)_품질경영","작업자 숙련도 CHECK SHEET (F2100-10)","form"
"F-2100","품질경영","F-2100 사내 자격관리 규정 (23년5월1일_REV.5)_품질경영","카메라 1","etc"
"F-2100","품질경영","F-2100 사내 자격관리 규정 (23년5월1일_REV.5)_품질경영","카메라 2","etc"
"H-1100","개발","H-1100 계약검토 규정 (23년5월1일_REV.5)_개발","계약검토 규정(H-1100)","doc"
"H-1100","개발","H-1100 계약검토 규정 (23년5월1일_REV.5)_개발","제조타당서 검토서 (H1100-01)","form"
"H-1100","개발","H-1100 계약검토 규정 (23년5월1일_REV.5)_개발","개발의뢰 접수대장 (H1100-02)","form"
"H-1100","개발","H-1100 계약검토 규정 (23년5월1일_REV.5)_개발","원가계산서 (H1100-03)","form"
"H-1100","개발","H-1100 계약검토 규정 (23년5월1일_REV.5)_개발","원단위 원가분석 (H1100-04)","form"
"H-2100","영업","H-2100 양산주문접수 및 납품관리 규정 (23년5월1일_REV.5)_영업","주문접수 및 납품관리규정(H-2100)","doc"
"H-2100","영업","H-2100 양산주문접수 및 납품관리 규정 (23년5월1일_REV.5)_영업","일일 출고 계획서(H2100-01-필라)","form"
"H-2100","영업","H-2100 양산주문접수 및 납품관리 규정 (23년5월1일_REV.5)_영업","일일 출고 계획서(H2100-01-인발_강관)","form"
"H-2100","영업","H-2100 양산주문접수 및 납품관리 규정 (23년5월1일_REV.5)_영업","월 납품량 분석 보고서(H2100-02)","form"
"H-2100","영업","H-2100 양산주문접수 및 납품관리 규정 (23년5월1일_REV.5)_영업","일일 납품 실적 보고서(H2100-03","form"
"H-3100","영업&총무","H-3100 고객 만족도 관리 규정 (23년5월1일_REV.5)_영업&총무","고객만족관리 규정(H-3100)","doc"
"H-3100","영업&총무","H-3100 고객 만족도 관리 규정 (23년5월1일_REV.5)_영업&총무","고객만족도 →","etc"
"H-3100","영업&총무","H-3100 고객 만족도 관리 규정 (23년5월1일_REV.5)_영업&총무","년 고객만족도 모니터링 (H3100-01)","form"
"H-3100","영업&총무","H-3100 고객 만족도 관리 규정 (23년5월1일_REV.5)_영업&총무","고객만족도 조사 시행 계획서 (H3100-02)","form"
"H-3100","영업&총무","H-3100 고객 만족도 관리 규정 (23년5월1일_REV.5)_영업&총무","고객만족도 평가서(설문지) (H3100-03)","form"
"H-3100","영업&총무","H-3100 고객 만족도 관리 규정 (23년5월1일_REV.5)_영업&총무","종업원 만족도 →","etc"
"H-3100","영업&총무","H-3100 고객 만족도 관리 규정 (23년5월1일_REV.5)_영업&총무","종업원 만족도 조사 설문지 (H3100-04)","form"
"H-3100","영업&총무","H-3100 고객 만족도 관리 규정 (23년5월1일_REV.5)_영업&총무","종업원 만족도 조사결과 보고서 &quot;1&quot; (H3100-05)","form"
"H-3100","영업&총무","H-3100 고객 만족도 관리 규정 (23년5월1일_REV.5)_영업&총무","종업원 만족도 조사결과 보고서 &quot;2&quot; (H3100-05)","form"
"H-3100","영업&총무","H-3100 고객 만족도 관리 규정 (23년5월1일_REV.5)_영업&총무","종업원 만족도 조사결과 보고서 &quot;3&quot; (H3100-05)","form"
"H-3100","영업&총무","H-3100 고객 만족도 관리 규정 (23년5월1일_REV.5)_영업&총무","종업원 동기부여 →","etc"
"H-3100","영업&총무","H-3100 고객 만족도 관리 규정 (23년5월1일_REV.5)_영업&총무","종업원 동기부여 계획서 (H3100-06)","form"
"H-3100","영업&총무","H-3100 고객 만족도 관리 규정 (23년5월1일_REV.5)_영업&총무","종업원 동기부여 실적평가서 (H3100-07)","form"
"H-3100","영업&총무","H-3100 고객 만족도 관리 규정 (23년5월1일_REV.5)_영업&총무","년간 고객만족도 조사 계획서 (H3100-01)_구자료","form"
"H-3100","영업&총무","H-3100 고객 만족도 관리 규정 (23년5월1일_REV.5)_영업&총무","고객만족도 평가 보고서 (H3100-03)","form"
"H-3100","영업&총무","H-3100 고객 만족도 관리 규정 (23년5월1일_REV.5)_영업&총무","고객만족도 평가서(실   적) (H3100-05)","form"
"H-3200","품질보증","H-3200 고객 불만처리 규정 (23년5월1일_REV.5)_품질보증","고객만족관리 규정(H-3200)","doc"
"H-3200","품질보증","H-3200 고객 불만처리 규정 (23년5월1일_REV.5)_품질보증","고객불만 접수 대응 현황 보고서 (H3200-01)","form"
"H-3200","품질보증","H-3200 고객 불만처리 규정 (23년5월1일_REV.5)_품질보증","고객불만 대응 조치 결과 보고서 (H3200-02)","form"
"J-1100","개발","J-1100 개발업무 규정 (24년3월29일_REV.7)_개발","개발업무 규정(J-1100)","doc"
"J-1100","개발","J-1100 개발업무 규정 (24년3월29일_REV.7)_개발","개발일정 계획서 (J1100-01)","form"
"J-1100","개발","J-1100 개발업무 규정 (24년3월29일_REV.7)_개발","공정흐름도 (J1100-02)","form"
"J-1100","개발","J-1100 개발업무 규정 (24년3월29일_REV.7)_개발","특별특성 목록표 (J1100-03)","form"
"J-1100","개발","J-1100 개발업무 규정 (24년3월29일_REV.7)_개발","부품개발 요청서 (J1100-04)","form"
"J-1100","개발","J-1100 개발업무 규정 (24년3월29일_REV.7)_개발","제품 품질계획요약 및 완료확인서 (J1100-05)","form"
"J-1100","개발","J-1100 개발업무 규정 (24년3월29일_REV.7)_개발","개발품 TRY-OUT 일정 계획서 (J1100-06)","form"
"J-1100","개발","J-1100 개발업무 규정 (24년3월29일_REV.7)_개발","개발품 TRY-OUT 완료 보고서 (J1100-07)","form"
"J-1100","개발","J-1100 개발업무 규정 (24년3월29일_REV.7)_개발","납입용기 설정서 (J1100-08)","form"
"J-1100","개발","J-1100 개발업무 규정 (24년3월29일_REV.7)_개발","제조타당성 확인서 (J1100-09)","form"
"J-1100","개발","J-1100 개발업무 규정 (24년3월29일_REV.7)_개발","제품 법_규제 요구사항 목록표 (J1100-10)","form"
"J-1100","개발","J-1100 개발업무 규정 (24년3월29일_REV.7)_개발","PM 및 MDT 선정기준 (J1100-11)","form"
"J-1100","개발","J-1100 개발업무 규정 (24년3월29일_REV.7)_개발","에스켈레이션 기준 (J1100-12)","form"
"J-1100","개발","J-1100 개발업무 규정 (24년3월29일_REV.7)_개발","양산이관기준 (J1100-13)","form"
"J-1100","개발","J-1100 개발업무 규정 (24년3월29일_REV.7)_개발","고객 접수 도면 검토서 (J1100-14)","form"
"J-1100","개발","J-1100 개발업무 규정 (24년3월29일_REV.7)_개발","제조타당성 확인서 (J1100-09) (구버젼)","form"
"J-1101","개발","J-1101 공정FMEA 작성 및 관리 지침 (25년6월13일_REV.6)_개발","공정FMEA(J-1101)","etc"
"J-1101","개발","J-1101 공정FMEA 작성 및 관리 지침 (25년6월13일_REV.6)_개발","공정 FMEA 4판 SHEET (J1101-01)","form"
"J-1101","개발","J-1101 공정FMEA 작성 및 관리 지침 (25년6월13일_REV.6)_개발","부표1,2,3_심각도_발생도_검출도 기준","etc"
"J-1101","개발","J-1101 공정FMEA 작성 및 관리 지침 (25년6월13일_REV.6)_개발","부표4_조치 우선순위 기준","etc"
"J-1101","개발","J-1101 공정FMEA 작성 및 관리 지침 (25년6월13일_REV.6)_개발","부표5_고장형태 용어집","etc"
"J-1101","개발","J-1101 공정FMEA 작성 및 관리 지침 (25년6월13일_REV.6)_개발","공정 FMEA SHEET (J1101-01)_구버젼","form"
"J-1101","개발","J-1101 공정FMEA 작성 및 관리 지침 (25년6월13일_REV.6)_개발","부표) 심각도_발생도_검출도_조치 우선순위 기준표 (2","etc"
"J-1102","품질보증","J-1102 관리계획서 작성 및 관리 지침 (25년8월18일_REV.7)_품질보증","관리계획서 작성 및 관리 지침(J-1102)","doc"
"J-1102","품질보증","J-1102 관리계획서 작성 및 관리 지침 (25년8월18일_REV.7)_품질보증","관리계획서 1판 표지 (J1102-01 갑)","form"
"J-1102","품질보증","J-1102 관리계획서 작성 및 관리 지침 (25년8월18일_REV.7)_품질보증","관리계획서 1판(J1102-01 을)","form"
"J-1102","품질보증","J-1102 관리계획서 작성 및 관리 지침 (25년8월18일_REV.7)_품질보증","관리계획서 특별특성 (J1102-02)","form"
"J-1102","품질보증","J-1102 관리계획서 작성 및 관리 지침 (25년8월18일_REV.7)_품질보증","관리계획서 체크리스트 (J1102-03)","form"
"J-1102","품질보증","J-1102 관리계획서 작성 및 관리 지침 (25년8월18일_REV.7)_품질보증","관리계획서 (J1102-01 을)_구본","form"
"J-1103","생산","J-1103 작업표준서 작성 및 관리 지침 (23년7월17일_REV.6)_생산","작업표준서 작성 및 관리 지침(J-1103)","doc"
"J-1103","생산","J-1103 작업표준서 작성 및 관리 지침 (23년7월17일_REV.6)_생산","작업표준서 (J1103-01-필라넥)","form"
"J-1103","생산","J-1103 작업표준서 작성 및 관리 지침 (23년7월17일_REV.6)_생산","작업표준서 (J1103-01-인발,조관)","form"
"J-1103","생산","J-1103 작업표준서 작성 및 관리 지침 (23년7월17일_REV.6)_생산","작업표준서 (J1103-01-쇼바용접_1)","form"
"J-1103","생산","J-1103 작업표준서 작성 및 관리 지침 (23년7월17일_REV.6)_생산","작업표준서 (J1103-01-쇼바용접_2)","form"
"J-2100","품질보증","J-2100 양산부품승인업무규정 (23년5월1일_REV.5)_품질보증","양산부품 승인업무 규정(J-2100)","doc"
"J-3100","개발","J-3100 4M변경관리 규정 (23년5월1일_REV.5)_개발","4M 변경관리 규정(J-3100)","doc"
"J-3100","개발","J-3100 4M변경관리 규정 (23년5월1일_REV.5)_개발","4M 변경 의뢰서   (J3100-01)","form"
"J-3100","개발","J-3100 4M변경관리 규정 (23년5월1일_REV.5)_개발","사양변경접수대장 (J3100-02)","form"
"J-3100","개발","J-3100 4M변경관리 규정 (23년5월1일_REV.5)_개발","4M 변경 관리대장 (J3100-03)_신양식","form"
"J-3100","개발","J-3100 4M변경관리 규정 (23년5월1일_REV.5)_개발","4M변경 판단기준(J3100-04)","form"
"J-3100","개발","J-3100 4M변경관리 규정 (23년5월1일_REV.5)_개발","변경점 관리 계획 대비 실적(J3100-05)","form"
"J-3100","개발","J-3100 4M변경관리 규정 (23년5월1일_REV.5)_개발","변경점 점검 조직도(J3100-06)","form"
"J-3100","개발","J-3100 4M변경관리 규정 (23년5월1일_REV.5)_개발","4M 변경점 관리 점검 C SHEET(J3100-07)","form"
"J-3100","개발","J-3100 4M변경관리 규정 (23년5월1일_REV.5)_개발","참고자료_4M변경관리 지침서","doc"
"J-3100","개발","J-3100 4M변경관리 규정 (23년5월1일_REV.5)_개발","4M 변경 관리대장 (J3100-03)","form"
"J-4100","개발","J-4100 도면관리 규정 (23년5월1일_REV.5)_개발","도면관리 규정(J-4100)","doc"
"J-4100","개발","J-4100 도면관리 규정 (23년5월1일_REV.5)_개발","도면관리대장 (J4100-01)","form"
"J-4200","품질보증","J-4200 도면부품 일치성 점검지침 (24년7월1일_REV.0)_품질보증","도면 부품 일치성 점검 지침 (J-4200)","doc"
"J-4200","품질보증","J-4200 도면부품 일치성 점검지침 (24년7월1일_REV.0)_품질보증","도면 일치성 점검 체크시트(J4200-01)","form"
"K-1100","구매","K-1100 구매업무 규정 (23년5월1일_REV.5)_구매","구매업무규정(K-1100)","doc"
"K-1100","구매","K-1100 구매업무 규정 (23년5월1일_REV.5)_구매","원자재 입고 요청서(K1100-01)","form"
"K-1100","구매","K-1100 구매업무 규정 (23년5월1일_REV.5)_구매","원소재 생산 의뢰서(K1100-02)","form"
"K-1100","구매","K-1100 구매업무 규정 (23년5월1일_REV.5)_구매","기본공급 계약서 (K1100-07)","form"
"K-1100","구매","K-1100 구매업무 규정 (23년5월1일_REV.5)_구매","클레임 보상협정서 (K1100-08)","form"
"K-1100","구매","K-1100 구매업무 규정 (23년5월1일_REV.5)_구매","품질 보증 협정서 (K1100-09)","form"
"K-1100","구매","K-1100 구매업무 규정 (23년5월1일_REV.5)_구매","원재료 법_규제 요구사항 목록표 (K1100-10)","form"
"K-1200","구매","K-1200 협력업체 관리 규정 (25년6월13일_REV.8)_구매","협력업체관리","etc"
"K-1200","구매","K-1200 협력업체 관리 규정 (25년6월13일_REV.8)_구매","①협력업체 등록대장 (K1200-01)","form"
"K-1200","구매","K-1200 협력업체 관리 규정 (25년6월13일_REV.8)_구매","②승인 자재 목록 (AVL. AML) (K1200-02)","form"
"K-1200","구매","K-1200 협력업체 관리 규정 (25년6월13일_REV.8)_구매","③협력업체 사후 평가 계획서 (K1200-03)","form"
"K-1200","구매","K-1200 협력업체 관리 규정 (25년6월13일_REV.8)_구매","④업체 실태 조사서 (K1200-04)","form"
"K-1200","구매","K-1200 협력업체 관리 규정 (25년6월13일_REV.8)_구매","⑤협력업체 체제 평가표 (K1200-05)","form"
"K-1200","구매","K-1200 협력업체 관리 규정 (25년6월13일_REV.8)_구매","협력사 월별 모니터링 (K1200-06)","form"
"K-1200","구매","K-1200 협력업체 관리 규정 (25년6월13일_REV.8)_구매","①협력업체 등록대장 (K1200-01) (2)","form"
"K-1200","구매","K-1200 협력업체 관리 규정 (25년6월13일_REV.8)_구매","협력업체 체제 평가표(가공업체) (K1200-03)_A","form"
"K-1200","구매","K-1200 협력업체 관리 규정 (25년6월13일_REV.8)_구매","협력업체 체제 평가표(금형,지그업체) (K1200-03)","form"
"K-1200","구매","K-1200 협력업체 관리 규정 (25년6월13일_REV.8)_구매","협력업체 실적 평가표 (K1200-04)","form"
"K-1200","구매","K-1200 협력업체 관리 규정 (25년6월13일_REV.8)_구매","타사업부 실적,체제 평가 계획서 (K1200-04-01)","form"
"K-1200","구매","K-1200 협력업체 관리 규정 (25년6월13일_REV.8)_구매","①협력업체 등록대장 (K1200-01) (3)","form"
"K-2100","구매","K-2100 자재관리 규정 (25년6월25일_REV.7)_구매","자재관리 규정(K-2100)","doc"
"K-2100","구매","K-2100 자재관리 규정 (25년6월25일_REV.7)_구매","장기 재고 관리 기준서 (K2100-07)","form"
"K-2100","구매","K-2100 자재관리 규정 (25년6월25일_REV.7)_구매","장기재고관리 현황 (K2100-01)","form"
"K-2100","구매","K-2100 자재관리 규정 (25년6월25일_REV.7)_구매","장기 재고 점검대장 (K2100-05)","form"
"K-2100","구매","K-2100 자재관리 규정 (25년6월25일_REV.7)_구매","소모품 월소요량 및 안전재고 (K2100-08)","form"
"K-2100","구매","K-2100 자재관리 규정 (25년6월25일_REV.7)_구매","소모품 사양 및 공급처 지정 현황 (K2100-09)","form"
"K-2100","구매","K-2100 자재관리 규정 (25년6월25일_REV.7)_구매","재고조사표 (K2100-04)","form"
"K-2100","구매","K-2100 자재관리 규정 (25년6월25일_REV.7)_구매","선입선출 관리 기준서 (K2100-06)","form"
"K-2100","구매","K-2100 자재관리 규정 (25년6월25일_REV.7)_구매","장기 재고 점검대장 (K2100-05)_구본","form"
"L-1100","생산기술","L-1100 설비관리 규정 (23년5월1일_REV.5)_생산기술","설비관리규정(L-1100)","doc"
"L-1100","생산기술","L-1100 설비관리 규정 (23년5월1일_REV.5)_생산기술","설비 데이터 빽업 기준서 (L1100-21)","form"
"L-1100","생산기술","L-1100 설비관리 규정 (23년5월1일_REV.5)_생산기술","설비 데이터 빽업 관리대장 (L1100-22)","form"
"L-1100","생산기술","L-1100 설비관리 규정 (23년5월1일_REV.5)_생산기술","설비관리 기준서 (L1100-23)","form"
"L-1100","생산기술","L-1100 설비관리 규정 (23년5월1일_REV.5)_생산기술","설비능력 지수표 (L1100-24)","form"
"L-1100","생산기술","L-1100 설비관리 규정 (23년5월1일_REV.5)_생산기술","F_P 이상발생 점검 체크시트 (L1100-20)","form"
"L-1100","생산기술","L-1100 설비관리 규정 (23년5월1일_REV.5)_생산기술","설비제작 사양서 (L1100-01)","form"
"L-1100","생산기술","L-1100 설비관리 규정 (23년5월1일_REV.5)_생산기술","설비제작 진행 체크리스트 (L1100-02)","form"
"L-1100","생산기술","L-1100 설비관리 규정 (23년5월1일_REV.5)_생산기술","입회검수 체크시트 (L1100-03)","form"
"L-1100","생산기술","L-1100 설비관리 규정 (23년5월1일_REV.5)_생산기술","설비 TRY-OUT 결과 보고서 (L1100-04)","form"
"L-1100","생산기술","L-1100 설비관리 규정 (23년5월1일_REV.5)_생산기술","납품 및 시운전(검수) 확인서 (L1100-05)","form"
"L-1100","생산기술","L-1100 설비관리 규정 (23년5월1일_REV.5)_생산기술","설비고장 조치 보고서 (L1100-06)","form"
"L-1100","생산기술","L-1100 설비관리 규정 (23년5월1일_REV.5)_생산기술","설비 일상 점검표 (L1100-07)","form"
"L-1100","생산기술","L-1100 설비관리 규정 (23년5월1일_REV.5)_생산기술","설비 이력카드 (L1100-09)","form"
"L-1100","생산기술","L-1100 설비관리 규정 (23년5월1일_REV.5)_생산기술","제조설비 관리대장 (L1100-10)_갑지","form"
"L-1100","생산기술","L-1100 설비관리 규정 (23년5월1일_REV.5)_생산기술","제조설비 관리대장 (L1100-10)_을지","form"
"L-1100","생산기술","L-1100 설비관리 규정 (23년5월1일_REV.5)_생산기술","년간 예방보전 계획서 (L1100-11)","form"
"L-1100","생산기술","L-1100 설비관리 규정 (23년5월1일_REV.5)_생산기술","월간설비 정기 점검 계획서 (L1100-12)","form"
"L-1100","생산기술","L-1100 설비관리 규정 (23년5월1일_REV.5)_생산기술","테마별 설비점기점검 계획서 (L1100-13) 갑지","form"
"L-1100","생산기술","L-1100 설비관리 규정 (23년5월1일_REV.5)_생산기술","테마별 설비점기점검 계획서 (L1100-13) 을지","form"
"L-1100","생산기술","L-1100 설비관리 규정 (23년5월1일_REV.5)_생산기술","중요설비 체크리스트 (L1100-14)","form"
"L-1100","생산기술","L-1100 설비관리 규정 (23년5월1일_REV.5)_생산기술","업무 일지 (L1100-15)","form"
"L-1100","생산기술","L-1100 설비관리 규정 (23년5월1일_REV.5)_생산기술","스페어파트 관리대장 (L1100-16)","form"
"L-1100","생산기술","L-1100 설비관리 규정 (23년5월1일_REV.5)_생산기술","고정자산 폐기 품의서 (L1100-17)","form"
"L-1100","생산기술","L-1100 설비관리 규정 (23년5월1일_REV.5)_생산기술","풀프로프 설비 점검 일지 (L1100-18)","form"
"L-1100","생산기술","L-1100 설비관리 규정 (23년5월1일_REV.5)_생산기술","설비 이관 교육결과 보고서 (L1100-19)","form"
"L-1100","생산기술","L-1100 설비관리 규정 (23년5월1일_REV.5)_생산기술","설비 리스트 (L1100-08)","form"
"L-1200","개발","L-1200 지그관리 규정 (23년5월1일_REV.5)_개발","지그관리규정(L-1200)","doc"
"L-1200","개발","L-1200 지그관리 규정 (23년5월1일_REV.5)_개발","치공구 관리대장(L1200-01)","form"
"L-1200","개발","L-1200 지그관리 규정 (23년5월1일_REV.5)_개발","치공구 이력카드(L1200-02)","form"
"L-1200","개발","L-1200 지그관리 규정 (23년5월1일_REV.5)_개발","지그 관리대장(L1200-03)","form"
"L-1200","개발","L-1200 지그관리 규정 (23년5월1일_REV.5)_개발","지그 이력카드(L1200-04)","form"
"L-1200","개발","L-1200 지그관리 규정 (23년5월1일_REV.5)_개발","지그 및 치공구 검사 성적서(L1200-05)","form"
"L-1200","개발","L-1200 지그관리 규정 (23년5월1일_REV.5)_개발","CF 점검기준서(L1200-06)","form"
"L-1200","개발","L-1200 지그관리 규정 (23년5월1일_REV.5)_개발","CF 점검 시트(L1200-07)","form"
"L-1200","개발","L-1200 지그관리 규정 (23년5월1일_REV.5)_개발","지그계약서(L1200-08)","form"
"L-1200","개발","L-1200 지그관리 규정 (23년5월1일_REV.5)_개발","지그 사용대차 계약서(L1200-09)","form"
"L-1200","개발","L-1200 지그관리 규정 (23년5월1일_REV.5)_개발","대여자산 관리대장(L1200-10)","form"
"L-1200","개발","L-1200 지그관리 규정 (23년5월1일_REV.5)_개발","지그 및 금형 보관 위치 식별표(L1200-11)","form"
"L-2100","품질보증","L-2100 검사업무 규정 (23년5월1일_REV.5)_품질보증","검사업무 규정 (L-2100)","doc"
"L-2100","품질보증","L-2100 검사업무 규정 (23년5월1일_REV.5)_품질보증","쇼바용접사업부 관련 양식 →","form"
"L-2100","품질보증","L-2100 검사업무 규정 (23년5월1일_REV.5)_품질보증","품질 검사 계통도(L2100-쇼바01)","etc"
"L-2100","품질보증","L-2100 검사업무 규정 (23년5월1일_REV.5)_품질보증","수입검사 절차서(L2100-쇼바02)","doc"
"L-2100","품질보증","L-2100 검사업무 규정 (23년5월1일_REV.5)_품질보증","수입검사 단품 리스트(L2100--쇼바03)","register"
"L-2100","품질보증","L-2100 검사업무 규정 (23년5월1일_REV.5)_품질보증","수입검사 기준서(L2100-10-쇼바04)","form"
"L-2100","품질보증","L-2100 검사업무 규정 (23년5월1일_REV.5)_품질보증","수입검사 기준서(L2100-쇼바05)","etc"
"L-2100","품질보증","L-2100 검사업무 규정 (23년5월1일_REV.5)_품질보증","수입검사 및 부적합품 이력 관리대장(L2100-쇼바06)","register"
"L-2100","품질보증","L-2100 검사업무 규정 (23년5월1일_REV.5)_품질보증","수입검사 성적서(L2100-쇼바07)","etc"
"L-2100","품질보증","L-2100 검사업무 규정 (23년5월1일_REV.5)_품질보증","용입성 평가 관리 대장(L2100-쇼바08)","register"
"L-2100","품질보증","L-2100 검사업무 규정 (23년5월1일_REV.5)_품질보증","용입시험성적서(L2100-쇼바09)","etc"
"L-2100","품질보증","L-2100 검사업무 규정 (23년5월1일_REV.5)_품질보증","용접공정 패트롤 점검 시트(L2100-쇼바10)","etc"
"L-2100","품질보증","L-2100 검사업무 규정 (23년5월1일_REV.5)_품질보증","공정순회 검사 체크시트(L2100-쇼바11)","etc"
"L-2100","품질보증","L-2100 검사업무 규정 (23년5월1일_REV.5)_품질보증","공정 자주검사 체크시트(L2100-쇼바12)","etc"
"L-2100","품질보증","L-2100 검사업무 규정 (23년5월1일_REV.5)_품질보증","용접공정 스페터 제거 기준서(L2100-쇼바13)","etc"
"L-2100","품질보증","L-2100 검사업무 규정 (23년5월1일_REV.5)_품질보증","심용접 동판 드레싱 체크시트(L2100-쇼바14)","etc"
"L-2100","품질보증","L-2100 검사업무 규정 (23년5월1일_REV.5)_품질보증","작업일보(L2100-쇼바15)","etc"
"L-2100","품질보증","L-2100 검사업무 규정 (23년5월1일_REV.5)_품질보증","냉각수 온도 교차점검 체크시트(L2100-쇼바16)","etc"
"L-2100","품질보증","L-2100 검사업무 규정 (23년5월1일_REV.5)_품질보증","용접 티칭 이력관리 대장(L2100-쇼바17)","register"
"L-2100","품질보증","L-2100 검사업무 규정 (23년5월1일_REV.5)_품질보증","용접 티칭 이력관리 대장(L2100-쇼바18)","register"
"L-2100","품질보증","L-2100 검사업무 규정 (23년5월1일_REV.5)_품질보증","출하 검사 절차서(L2100-06-쇼바19)","form"
"L-2100","품질보증","L-2100 검사업무 규정 (23년5월1일_REV.5)_품질보증","출하검사 성적서(L2100-쇼바20)","etc"
"L-2100","품질보증","L-2100 검사업무 규정 (23년5월1일_REV.5)_품질보증","출하검사 및 부적합품 이력 관리대장(L2100-쇼바21)","register"
"L-2100","품질보증","L-2100 검사업무 규정 (23년5월1일_REV.5)_품질보증","출하 및 공정 검사 기준서(L2100-쇼바22)","etc"
"L-2100","품질보증","L-2100 검사업무 규정 (23년5월1일_REV.5)_품질보증","정밀강관사업부 관련양식 →","form"
"L-2100","품질보증","L-2100 검사업무 규정 (23년5월1일_REV.5)_품질보증","코일인수 검사일지(L2100-02-조)","form"
"L-2100","품질보증","L-2100 검사업무 규정 (23년5월1일_REV.5)_품질보증","인수검사성적서(L2100-03-조)","form"
"L-2100","품질보증","L-2100 검사업무 규정 (23년5월1일_REV.5)_품질보증","초품검사 및 불량폐기내역(L2100-04-조6)","form"
"L-2100","품질보증","L-2100 검사업무 규정 (23년5월1일_REV.5)_품질보증","조관공정 순회검사일지(L2100-05-조)","form"
"L-2100","품질보증","L-2100 검사업무 규정 (23년5월1일_REV.5)_품질보증","정밀인발튜브사업부 관련양식 →","form"
"L-2100","품질보증","L-2100 검사업무 규정 (23년5월1일_REV.5)_품질보증","수입검사표준 (L2100-01-인)","form"
"L-2100","품질보증","L-2100 검사업무 규정 (23년5월1일_REV.5)_품질보증","원소재입고검사일보(L2100-03-인)","form"
"L-2100","품질보증","L-2100 검사업무 규정 (23년5월1일_REV.5)_품질보증","인발 공정 Patrol (L2100-05-인)","form"
"L-2100","품질보증","L-2100 검사업무 규정 (23년5월1일_REV.5)_품질보증","수출포장반 공정순회(L2100-05-수)","form"
"L-2100","품질보증","L-2100 검사업무 규정 (23년5월1일_REV.5)_품질보증","필라네크워터 사업부 가공 관련양식 →","form"
"L-2100","품질보증","L-2100 검사업무 규정 (23년5월1일_REV.5)_품질보증","수입검사 표준(L2100-01-필가)","form"
"L-2100","품질보증","L-2100 검사업무 규정 (23년5월1일_REV.5)_품질보증","수입검사 성적서(L2100-03-필가)","form"
"L-2100","품질보증","L-2100 검사업무 규정 (23년5월1일_REV.5)_품질보증","면취 자주검사(L2100-04-필가1)","form"
"L-2100","품질보증","L-2100 검사업무 규정 (23년5월1일_REV.5)_품질보증","자동절단 자주검사(L2100-04-필가2)","form"
"L-2100","품질보증","L-2100 검사업무 규정 (23년5월1일_REV.5)_품질보증","자동절단 및 면취 작업조건표(L2100-04-필가3)","form"
"L-2100","품질보증","L-2100 검사업무 규정 (23년5월1일_REV.5)_품질보증","자동절단 톱날교환(L2100-04-필가4)","form"
"L-2100","품질보증","L-2100 검사업무 규정 (23년5월1일_REV.5)_품질보증","다단확관 자주검사(L2100-04-필가5)","form"
"L-2100","품질보증","L-2100 검사업무 규정 (23년5월1일_REV.5)_품질보증","다단확관 치구 타발 및 세척(L2100-04-필가6)","form"
"L-2100","품질보증","L-2100 검사업무 규정 (23년5월1일_REV.5)_품질보증","자동화 확관 타발 및 세척(L2100-04-필가7)","form"
"L-2100","품질보증","L-2100 검사업무 규정 (23년5월1일_REV.5)_품질보증","다단확관 고노게이지 자주검사(L2100-04-필가8)","form"
"L-2100","품질보증","L-2100 검사업무 규정 (23년5월1일_REV.5)_품질보증","다단확관 스폿용접 풀프로프 점검(L2100-04-필가9)","form"
"L-2100","품질보증","L-2100 검사업무 규정 (23년5월1일_REV.5)_품질보증","다단확관 스폿용접 자주검사(L2100-04-필가10)","form"
"L-2100","품질보증","L-2100 검사업무 규정 (23년5월1일_REV.5)_품질보증","확관1호기 검사 마스터 체크(L2100-04-필가11)","form"
"L-2100","품질보증","L-2100 검사업무 규정 (23년5월1일_REV.5)_품질보증","자동화 확관 검사 마스터 체크(L2100-04-필가11)","form"
"L-2100","품질보증","L-2100 검사업무 규정 (23년5월1일_REV.5)_품질보증","M2XX 리크 마스터체크(L2100-04-필가11)","form"
"L-2100","품질보증","L-2100 검사업무 규정 (23년5월1일_REV.5)_품질보증","자동화 다단확관 초품(L2100-04-필가12)","form"
"L-2100","품질보증","L-2100 검사업무 규정 (23년5월1일_REV.5)_품질보증","자동화 확관 전조 초품(L2100-04-필가12)","form"
"L-2100","품질보증","L-2100 검사업무 규정 (23년5월1일_REV.5)_품질보증","자동화 확관 벤딩 초품(L2100-04-필가12)","form"
"L-2100","품질보증","L-2100 검사업무 규정 (23년5월1일_REV.5)_품질보증","자동화 확관 엔드포밍 초품(L2100-04-필가12)","form"
"L-2100","품질보증","L-2100 검사업무 규정 (23년5월1일_REV.5)_품질보증","자동화 확관 아크용접(L2100-04-필가13)","form"
"L-2100","품질보증","L-2100 검사업무 규정 (23년5월1일_REV.5)_품질보증","자동화 확관 아크용접 기준핀(L2100-04-필가14)","form"
"L-2100","품질보증","L-2100 검사업무 규정 (23년5월1일_REV.5)_품질보증","아크용접 풀프로프(L2100-04-필가15)","form"
"L-2100","품질보증","L-2100 검사업무 규정 (23년5월1일_REV.5)_품질보증","M2XX 리크 초품(L2100-04-필가16)","form"
"L-2100","품질보증","L-2100 검사업무 규정 (23년5월1일_REV.5)_품질보증","수압리크 자주검사(L2100-04-필가17)","form"
"L-2100","품질보증","L-2100 검사업무 규정 (23년5월1일_REV.5)_품질보증","순회검사일지체크(L2100-05-필가)","form"
"L-2100","품질보증","L-2100 검사업무 규정 (23년5월1일_REV.5)_품질보증","필라네크워터 사업부 표면처리 관련양식 →","form"
"L-2100","품질보증","L-2100 검사업무 규정 (23년5월1일_REV.5)_품질보증","탈지공정(L2100-04-필표1)","form"
"L-2100","품질보증","L-2100 검사업무 규정 (23년5월1일_REV.5)_품질보증","탈청공정(L2100-04-필표2)","form"
"L-2100","품질보증","L-2100 검사업무 규정 (23년5월1일_REV.5)_품질보증","코팅 탈루 공정(L2100-04-필표3)","form"
"L-2100","품질보증","L-2100 검사업무 규정 (23년5월1일_REV.5)_품질보증","예비 본 건조공정(L2100-04-필표4)","form"
"L-2100","품질보증","L-2100 검사업무 규정 (23년5월1일_REV.5)_품질보증","정전SPRAY공정(L2100-04-필표5)","form"
"L-2100","품질보증","L-2100 검사업무 규정 (23년5월1일_REV.5)_품질보증","디핑공정 숏트볼 제거(L2100-04-필표6)","form"
"L-2100","품질보증","L-2100 검사업무 규정 (23년5월1일_REV.5)_품질보증","바스켓 세척(L2100-04-필표7)","form"
"L-2100","품질보증","L-2100 검사업무 규정 (23년5월1일_REV.5)_품질보증","배합 교반일지(L2100-04-필표8)","form"
"L-2100","품질보증","L-2100 검사업무 규정 (23년5월1일_REV.5)_품질보증","교반실 온,습도 관리 시트(L2100-04-필표9)","form"
"L-2100","품질보증","L-2100 검사업무 규정 (23년5월1일_REV.5)_품질보증","LEAK TEST(β라인)(L2100-04-필표10)","form"
"L-2100","품질보증","L-2100 검사업무 규정 (23년5월1일_REV.5)_품질보증","사급자재 수입검사대장(L2100-04-필표11)","form"
"L-2100","품질보증","L-2100 검사업무 규정 (23년5월1일_REV.5)_품질보증","표면처리LINE 공정순회 일지(L2100-05-필표)","form"
"L-2200","품질보증","L-2200 신뢰성 시험업무 규정 (23년5월1일_REV.5)_품질보증","신뢰성 시험업무 규정(L-2200)","doc"
"L-2200","품질보증","L-2200 신뢰성 시험업무 규정 (23년5월1일_REV.5)_품질보증","부표1 시험장비 작동 기준서","etc"
"L-2200","품질보증","L-2200 신뢰성 시험업무 규정 (23년5월1일_REV.5)_품질보증","년 신뢰성 시험 계획서(L2200-01)","form"
"L-2300","품질보증","L-2300 한도견본관리 규정 (23년5월1일_REV.5)_품질보증","한도견본 관리 규정(L-2300)","doc"
"L-2300","품질보증","L-2300 한도견본관리 규정 (23년5월1일_REV.5)_품질보증","한도견본 관리대장(L2300-01)","form"
"L-2300","품질보증","L-2300 한도견본관리 규정 (23년5월1일_REV.5)_품질보증","한도 견본표(L2300-02)","form"
"L-2300","품질보증","L-2300 한도견본관리 규정 (23년5월1일_REV.5)_품질보증","한도 견본 기준서(L2300-03)","form"
"L-2300","품질보증","L-2300 한도견본관리 규정 (23년5월1일_REV.5)_품질보증","OK_NG MASTER 관리대장(L2300-04)","form"
"L-2300","품질보증","L-2300 한도견본관리 규정 (23년5월1일_REV.5)_품질보증","치구 자체 검교정 계획 및 실적(L2300-05)","form"
"L-2300","품질보증","L-2300 한도견본관리 규정 (23년5월1일_REV.5)_품질보증","치구 관리대장(L2300-06)","form"
"L-2300","품질보증","L-2300 한도견본관리 규정 (23년5월1일_REV.5)_품질보증","치구 이력카드(L2300-07)","form"
"L-3100","품질보증","L-3100 계측기관리 규정 (25년6월13일_REV.8)_품질보증","계측기 관리 규정(L-3100)","doc"
"L-3100","품질보증","L-3100 계측기관리 규정 (25년6월13일_REV.8)_품질보증","계측기 관리대장 (L3100-01)","form"
"L-3100","품질보증","L-3100 계측기관리 규정 (25년6월13일_REV.8)_품질보증","계측기 이력카드 (L3100-02)","form"
"L-3100","품질보증","L-3100 계측기관리 규정 (25년6월13일_REV.8)_품질보증","계측기 검교정 계획서 (L3100-03)","form"
"L-3100","품질보증","L-3100 계측기관리 규정 (25년6월13일_REV.8)_품질보증","계측기 일상점검표 (L3100-04)","form"
"L-3100","품질보증","L-3100 계측기관리 규정 (25년6월13일_REV.8)_품질보증","계측기 관리번호 부여 기준 (L3100-05)","form"
"L-3100","품질보증","L-3100 계측기관리 규정 (25년6월13일_REV.8)_품질보증","검교정 합부판정 기준 (L3100-06)","form"
"L-3101","품질보증","L-3101 측정시스템 평가 지침 (23년7월17일_REV.6)_품질보증","측정시스템 평가(L-3101)","etc"
"L-3101","품질보증","L-3101 측정시스템 평가 지침 (23년7월17일_REV.6)_품질보증","측정시스템 분석 계획서(L3101-01)","form"
"L-3101","품질보증","L-3101 측정시스템 평가 지침 (23년7월17일_REV.6)_품질보증","계량형R&amp;R (L3101-02)_전산","form"
"L-3101","품질보증","L-3101 측정시스템 평가 지침 (23년7월17일_REV.6)_품질보증","계량형R&amp;R (L3101-02)_수기","form"
"L-3101","품질보증","L-3101 측정시스템 평가 지침 (23년7월17일_REV.6)_품질보증","계수형R&amp;R KAPPA_Data(L3101-02)_전산","form"
"L-3101","품질보증","L-3101 측정시스템 평가 지침 (23년7월17일_REV.6)_품질보증","계수형R&amp;R KAPPA_분석(L3101-02)_전산","form"
"L-3101","품질보증","L-3101 측정시스템 평가 지침 (23년7월17일_REV.6)_품질보증","계수형R&amp;R KAPPA_평가사진(L3101-02)_전산","form"
"L-3101","품질보증","L-3101 측정시스템 평가 지침 (23년7월17일_REV.6)_품질보증","계수형R&amp;R KAPPA_Data(L3101-02)_수기","form"
"L-3101","품질보증","L-3101 측정시스템 평가 지침 (23년7월17일_REV.6)_품질보증","판정기준(카메라)","etc"
"L-3101","품질보증","L-3101 측정시스템 평가 지침 (23년7월17일_REV.6)_품질보증","계수형 게이지 R&amp;R 시트 (구버젼)","etc"
"L-4100","품질보증","L-4100 통계적 기법적용 규정 (23년5월1일_REV.5)_품질보증","통계적기법","etc"
"L-4101","품질보증","L-4101 관리도 운영 지침 (23년5월1일_REV.5)_품질보증","관리도 운영(L-4101)","etc"
"L-4101","품질보증","L-4101 관리도 운영 지침 (23년5월1일_REV.5)_품질보증","Xbar-R 관리도 (L4101-01)","form"
"L-4102","품질보증","L-4102 공정능력 운영 지침 (23년5월1일_REV.5)_품질보증","공정능력 운영(L-4102)","etc"
"L-4102","품질보증","L-4102 공정능력 운영 지침 (23년5월1일_REV.5)_품질보증","개발단계 공정능력 산출(Pp, Ppk)_L4102-01","form"
"L-4102","품질보증","L-4102 공정능력 운영 지침 (23년5월1일_REV.5)_품질보증","양산단계 공정능력 산출(Cp, Cpk)_L4102-02","form"
"L-4102","품질보증","L-4102 공정능력 운영 지침 (23년5월1일_REV.5)_품질보증","공정능력 평가표 (L4102-01)","form"
"M-1100","생산","M-1100 생산관리 규정 (23년5월1일_REV.5)_생산","생산관리규정 (M-1100)","doc"
"M-1100","생산","M-1100 생산관리 규정 (23년5월1일_REV.5)_생산","설비 비가동시간 관리 대장 (M1100-02) ","form"
"M-1100","생산","M-1100 생산관리 규정 (23년5월1일_REV.5)_생산","설비 비가동시간 이력관리 대장 (M1100-03) ","form"
"M-1100","생산","M-1100 생산관리 규정 (23년5월1일_REV.5)_생산","설비 비가동 주요 코드 (M1100-05) ","form"
"M-1100","생산","M-1100 생산관리 규정 (23년5월1일_REV.5)_생산","우발사고 및 이상발생 처리 절차서 (M1100-06) ","form"
"M-1200","생산","M-1200 공정관리 규정 (25년8월18일_REV.7)_생산","공정관리(M-1200)","etc"
"M-1200","생산","M-1200 공정관리 규정 (25년8월18일_REV.7)_생산","부표1_설비 재가동시 절차_세로","doc"
"M-1200","생산","M-1200 공정관리 규정 (25년8월18일_REV.7)_생산","부표1_설비 재가동시 절차_가로","doc"
"M-1200","생산","M-1200 공정관리 규정 (25년8월18일_REV.7)_생산","부표2_품질취약시간 관리 기준","etc"
"M-1200","생산","M-1200 공정관리 규정 (25년8월18일_REV.7)_생산","주,야 인수인계 일지(M1200-03)","form"
"M-1200","생산","M-1200 공정관리 규정 (25년8월18일_REV.7)_생산","공정,납입용기 관리기준 및 수리이력(M1200-04)","form"
"M-1200","생산","M-1200 공정관리 규정 (25년8월18일_REV.7)_생산","낙하품 처리 절차서 (M1200-05)","form"
"M-1200","생산","M-1200 공정관리 규정 (25년8월18일_REV.7)_생산","낙하품 처리 관리대장 (M1200-06)","form"
"M-1200","생산","M-1200 공정관리 규정 (25년8월18일_REV.7)_생산","셋업품 처리 절차서(M1200-07)","form"
"M-1200","생산","M-1200 공정관리 규정 (25년8월18일_REV.7)_생산","용접장 기준 팁 교환 주기 평가서(M1200-08)","form"
"M-1200","생산","M-1200 공정관리 규정 (25년8월18일_REV.7)_생산","작업일보(L1200-02-인) →","form"
"M-1200","생산","M-1200 공정관리 규정 (25년8월18일_REV.7)_생산","작업지시서(M1200-01-인)","form"
"M-1200","생산","M-1200 공정관리 규정 (25년8월18일_REV.7)_생산","열처리작업일보(M1200-02-인)","form"
"M-1200","생산","M-1200 공정관리 규정 (25년8월18일_REV.7)_생산","화성처리작업일보","etc"
"M-1200","생산","M-1200 공정관리 규정 (25년8월18일_REV.7)_생산","구부작업일보","etc"
"M-1200","생산","M-1200 공정관리 규정 (25년8월18일_REV.7)_생산","인발작업일보","etc"
"M-1200","생산","M-1200 공정관리 규정 (25년8월18일_REV.7)_생산","절단1호기작업일보","etc"
"M-1200","생산","M-1200 공정관리 규정 (25년8월18일_REV.7)_생산","절단2호기작업일보","etc"
"M-1200","생산","M-1200 공정관리 규정 (25년8월18일_REV.7)_생산","1호기대형교정","etc"
"M-1200","생산","M-1200 공정관리 규정 (25년8월18일_REV.7)_생산","2호기소형교정","etc"
"M-1200","생산","M-1200 공정관리 규정 (25년8월18일_REV.7)_생산","1호기소형교정","etc"
"M-1200","생산","M-1200 공정관리 규정 (25년8월18일_REV.7)_생산","탈지작업일보","etc"
"M-1200","생산","M-1200 공정관리 규정 (25년8월18일_REV.7)_생산","작업일보(L1200-02-필) →","form"
"M-1200","생산","M-1200 공정관리 규정 (25년8월18일_REV.7)_생산","작업지시서(M1200-01-필)","form"
"M-1200","생산","M-1200 공정관리 규정 (25년8월18일_REV.7)_생산","절단기","etc"
"M-1200","생산","M-1200 공정관리 규정 (25년8월18일_REV.7)_생산","다단확관기","etc"
"M-1200","생산","M-1200 공정관리 규정 (25년8월18일_REV.7)_생산","다단확관4, 용접","etc"
"M-1200","생산","M-1200 공정관리 규정 (25년8월18일_REV.7)_생산","수동확관,용접","etc"
"M-1200","생산","M-1200 공정관리 규정 (25년8월18일_REV.7)_생산","T-200,250,255 작업일보","etc"
"M-1200","생산","M-1200 공정관리 규정 (25년8월18일_REV.7)_생산","α-DOH","etc"
"M-1200","생산","M-1200 공정관리 규정 (25년8월18일_REV.7)_생산","β-DOH (2)","etc"
"M-1200","생산","M-1200 공정관리 규정 (25년8월18일_REV.7)_생산","LC WATER ","etc"
"M-1200","생산","M-1200 공정관리 규정 (25년8월18일_REV.7)_생산","자동확관","etc"
"M-1200","생산","M-1200 공정관리 규정 (25년8월18일_REV.7)_생산","탈지&amp;쇼트","etc"
"M-1200","생산","M-1200 공정관리 규정 (25년8월18일_REV.7)_생산","건조2호","etc"
"M-1200","생산","M-1200 공정관리 규정 (25년8월18일_REV.7)_생산","후처리","etc"
"M-1200","생산","M-1200 공정관리 규정 (25년8월18일_REV.7)_생산","작업일보(L1200-02-강) →","form"
"M-1200","생산","M-1200 공정관리 규정 (25년8월18일_REV.7)_생산","작업지시서(M1200-01-강)","form"
"M-1200","생산","M-1200 공정관리 규정 (25년8월18일_REV.7)_생산","초품검사 및 불량폐기 내역","etc"
"M-1200","생산","M-1200 공정관리 규정 (25년8월18일_REV.7)_생산","코일투입 및 검사일보","etc"
"M-1200","생산","M-1200 공정관리 규정 (25년8월18일_REV.7)_생산","절단,검사일보","etc"
"M-1200","생산","M-1200 공정관리 규정 (25년8월18일_REV.7)_생산","포장검사일보","etc"
"M-1200","생산","M-1200 공정관리 규정 (25년8월18일_REV.7)_생산","조관운전일보","etc"
"M-1200","생산","M-1200 공정관리 규정 (25년8월18일_REV.7)_생산","입측코일투입내역","etc"
"M-1200","생산","M-1200 공정관리 규정 (25년8월18일_REV.7)_생산","낙하품 처리 절차서 (M1200-05)_구본","form"
"M-2100","생산","M-2100 식별 및 추적성관리 규정 (23년5월1일_REV.5)_생산","식별 및 추적성 관리 규정(M-2100)","doc"
"M-2100","생산","M-2100 식별 및 추적성관리 규정 (23년5월1일_REV.5)_생산","LOT관리 기준서(M2100-01)","form"
"M-2100","생산","M-2100 식별 및 추적성관리 규정 (23년5월1일_REV.5)_생산","원소재및완제품 선입선출 관리기준서(M2100-02)","form"
"M-2100","생산","M-2100 식별 및 추적성관리 규정 (23년5월1일_REV.5)_생산","LOT 추적성 관리 기준_필라넥(M2100-03-01)","form"
"M-2100","생산","M-2100 식별 및 추적성관리 규정 (23년5월1일_REV.5)_생산","LOT 추적성 관리 기준_쇼바용접(M2100-03-02)","form"
"M-2100","생산","M-2100 식별 및 추적성관리 규정 (23년5월1일_REV.5)_생산","LOT관리 기준서(M2100-01)_구양식","form"
"M-3100","영업","M-3100 완성품 관리 규정 (23년5월1일_REV.5)_영업","완성품관리","etc"
"M-3100","영업","M-3100 완성품 관리 규정 (23년5월1일_REV.5)_영업","출하관리대장 (M3100-01)","form"
"M-4100","총무","M-4100 3정5S활동 규정 (25년8월1일_REV.6)_총무","3정5S활동 규정(M-4100)","doc"
"M-4100","총무","M-4100 3정5S활동 규정 (25년8월1일_REV.6)_총무","사무용 3정 5S 진단 SHEET(M4100-01)","form"
"M-4100","총무","M-4100 3정5S활동 규정 (25년8월1일_REV.6)_총무","현장용 3정 5S 진단 SHEET(M4100-02)","form"
"M-4100","총무","M-4100 3정5S활동 규정 (25년8월1일_REV.6)_총무","3정 5S 평가 보고서(M4100-03)","form"
"M-4100","총무","M-4100 3정5S활동 규정 (25년8월1일_REV.6)_총무","3정 5S 평가지적 및 시정대책서(M4100-04)","form"
"M-4100","총무","M-4100 3정5S활동 규정 (25년8월1일_REV.6)_총무","3정5S 관리 구역도(M4100-05)","form"
"M-4100","총무","M-4100 3정5S활동 규정 (25년8월1일_REV.6)_총무","사무용 3정 5S 진단 SHEET(M4100-01)_구본","form"
"M-4100","총무","M-4100 3정5S활동 규정 (25년8월1일_REV.6)_총무","현장용 3정 5S 진단 SHEET(M4100-02)_구본","form"
"M-4200","품질보증","M-4200 조도(Lux) 관리 지침 (23년5월1일_REV.0)_품질보증","조도(Lux) 관리 규정 (M-4200)","doc"
"M-4200","품질보증","M-4200 조도(Lux) 관리 지침 (23년5월1일_REV.0)_품질보증","정밀인발(인발)_조도측정 체크시트(M4200-01)","form"
"M-4200","품질보증","M-4200 조도(Lux) 관리 지침 (23년5월1일_REV.0)_품질보증","필라넥(가공)_조도측정 체크시트(M4200-01)","form"
"M-4200","품질보증","M-4200 조도(Lux) 관리 지침 (23년5월1일_REV.0)_품질보증","필라넥(도장)_조도측정 체크시트(M4200-01)","form"
"M-4200","품질보증","M-4200 조도(Lux) 관리 지침 (23년5월1일_REV.0)_품질보증","필라넥(조립)_조도측정 체크시트(M4200-01)","form"
"M-4200","품질보증","M-4200 조도(Lux) 관리 지침 (23년5월1일_REV.0)_품질보증","필라넥(측정실)_조도측정 체크시트(M4200-01)","form"
"M-4200","품질보증","M-4200 조도(Lux) 관리 지침 (23년5월1일_REV.0)_품질보증","정밀강관_조도측정 체크시트(M4200-01)","form"
"M-4200","품질보증","M-4200 조도(Lux) 관리 지침 (23년5월1일_REV.0)_품질보증","AM_조도측정 체크시트(M4200-01)","form"
"M-4200","품질보증","M-4200 조도(Lux) 관리 지침 (23년5월1일_REV.0)_품질보증","쇼바용접_조도측정 체크시트(M4200-01)","form"
"M-4200","품질보증","M-4200 조도(Lux) 관리 지침 (23년5월1일_REV.0)_품질보증","카메라","etc"
"M-4200","품질보증","M-4200 조도(Lux) 관리 지침 (23년5월1일_REV.0)_품질보증","카메라 1","etc"
"","","지식관리표","Sheet1","etc"
"","재개정 변경 양식","참고자료_재개정 변경 양식","Sheet1","etc"
"","측정기 교정 결과의  합부 판정 기준","참고자료_측정기 교정 결과의  합부 판정 기준","표지","etc"
"","측정기 교정 결과의  합부 판정 기준","참고자료_측정기 교정 결과의  합부 판정 기준","목차","etc"
"","측정기 교정 결과의  합부 판정 기준","참고자료_측정기 교정 결과의  합부 판정 기준","1.마이크로 미터","etc"
"","측정기 교정 결과의  합부 판정 기준","참고자료_측정기 교정 결과의  합부 판정 기준","2.버니어 캘리퍼스","etc"
"","측정기 교정 결과의  합부 판정 기준","참고자료_측정기 교정 결과의  합부 판정 기준","3. 다이얼 게이지","etc"
"","측정기 교정 결과의  합부 판정 기준","참고자료_측정기 교정 결과의  합부 판정 기준","4.테스트 인디게이터","etc"
"","측정기 교정 결과의  합부 판정 기준","참고자료_측정기 교정 결과의  합부 판정 기준","5.높이게이지","etc"
"","측정기 교정 결과의  합부 판정 기준","참고자료_측정기 교정 결과의  합부 판정 기준","6.실린더 게이지","etc"
"","측정기 교정 결과의  합부 판정 기준","참고자료_측정기 교정 결과의  합부 판정 기준","7.토크렌치","etc"
"","측정기 교정 결과의  합부 판정 기준","참고자료_측정기 교정 결과의  합부 판정 기준","8.로크월 경도시험기","etc"
"","측정기 교정 결과의  합부 판정 기준","참고자료_측정기 교정 결과의  합부 판정 기준","9. 조도계","etc"
"","측정기 교정 결과의  합부 판정 기준","참고자료_측정기 교정 결과의  합부 판정 기준","10.게이지 블록","etc"
"","측정기 교정 결과의  합부 판정 기준","참고자료_측정기 교정 결과의  합부 판정 기준","11.옵티컬 패러렐","etc"
"","","GP-12 Plan[한글판]","GP12 프로세스","etc"
"","","GP-12 Plan[한글판]","GP12 절차서","doc"
"","","GP-12 Plan[한글판]","GP12 STATION","etc"
"","","GP-12 Plan[한글판]","GP-12 검사 조직도","etc"
"","","GP-12 Plan[한글판]","I-CHART","etc"
"","","강관 제조기술 자료 교안(제공MS PIPE)","표지","etc"
"","","강관 제조기술 자료 교안(제공MS PIPE)","설비소개","etc"
"","","강관 제조기술 자료 교안(제공MS PIPE)","목차","etc"
"","","강관 제조기술 자료 교안(제공MS PIPE)","슬릿팅","etc"
"","","강관 제조기술 자료 교안(제공MS PIPE)","파이프거동","etc"
"","","강관 제조기술 자료 교안(제공MS PIPE)","스프링백","etc"
"","","강관 제조기술 자료 교안(제공MS PIPE)","롤설계","etc"
"","","강관 제조기술 자료 교안(제공MS PIPE)","롤챠트","etc"
"","","강관 제조기술 자료 교안(제공MS PIPE)","편평","etc"
"","","강관 제조기술 자료 교안(제공MS PIPE)","저장장치","etc"
"","","강관 제조기술 자료 교안(제공MS PIPE)","거단기","etc"
"","","강관 제조기술 자료 교안(제공MS PIPE)","면취","etc"
"","","강관 제조기술 자료 교안(제공MS PIPE)","2015 생산속도","etc"
"","","강관 제조기술 자료 교안(제공MS PIPE)","포장","etc"
"","","강관 제조기술 자료 교안(제공MS PIPE)","용접Q","etc"
"","","강관 제조기술 자료 교안(제공MS PIPE)","충격치","etc"
"","","강관 제조기술 자료 교안(제공MS PIPE)","콘테이나","etc"
"","","강관 제조기술 자료 교안(제공MS PIPE)","DC 모타","etc"
"","","강관 제조기술 자료 교안(제공MS PIPE)","백청","etc"
"","","강관 제조기술 자료 교안(제공MS PIPE)","롤설계2","etc"
"","","강관 제조기술 자료 교안(제공MS PIPE)","ECT","etc"
"","","강관 제조기술 자료 교안(제공MS PIPE)","ect2","etc"
"","","강관 제조기술 자료 교안(제공MS PIPE)","열처리","etc"
"","","강관 제조기술 자료 교안(제공MS PIPE)","W BENDING","etc"
"","","강관 제조기술 자료 교안(제공MS PIPE)","면취문제점","etc"
"","","강관 제조기술 자료 교안(제공MS PIPE)","부하","etc"
"","","강관 제조기술 자료 교안(제공MS PIPE)","키홈","etc"
"","","강관 제조기술 자료 교안(제공MS PIPE)","교정","etc"
"","","강관 제조기술 자료 교안(제공MS PIPE)","교정#2","etc"
"","","강관 제조기술 자료 교안(제공MS PIPE)","제조범위","etc"
"","","강관 제조기술 자료 교안(제공MS PIPE)","메탈플로우","etc"
"","","강관 제조기술 자료 교안(제공MS PIPE)","스캘프폭선정 기준","etc"
"","","강관 제조기술 자료 교안(제공MS PIPE)","용접품질","etc"
"","","강관 제조기술 자료 교안(제공MS PIPE)","진직도","etc"
"","","강관 제조기술 자료 교안(제공MS PIPE)","조관속도","etc"
"","","강관 제조기술 자료 교안(제공MS PIPE)","Sheet2","etc"
"","","강관 제조기술 자료 교안(제공MS PIPE)","Sheet1","etc"
"","200922","인발 관리공차 규격집_200922","관리공차","etc"
