parent,child,qty,src
28235-2B740-K1,28235-2B730-6,1,"BOM_안진성,하헌.xls"
28235-2B740-K1,28235-2B740-2,1,"BOM_안진성,하헌.xls"
28235-2B740-K2,28235-2B730-6,1,"BOM_안진성,하헌.xls"
28235-2B740-K2,28235-2B740-3,1,"BOM_안진성,하헌.xls"
28235-2B740-R1,28235-2B740-K1,1,"BOM_안진성,하헌.xls"
28235-2B740-R2,28235-2B740-K2,1,"BOM_안진성,하헌.xls"
28235-2B740-B1,28235-2B740-R1,1,"BOM_안진성,하헌.xls"
28235-2B740-B2,28235-2B740-R2,1,"BOM_안진성,하헌.xls"
28235-2B740-T1,28235-2B740-B1,1,"BOM_안진성,하헌.xls"
28235-2B740-T1,28235-2B740-B2,1,"BOM_안진성,하헌.xls"
28235-2B740-T1,28235-2B730-1,1,"BOM_안진성,하헌.xls"
28235-2B740-T1,39211-2B076,1,"BOM_안진성,하헌.xls"
28235-2B740-T1,28235-2B710-10,1,"BOM_안진성,하헌.xls"
28235-2B740,28235-2B740-T1,1,"BOM_안진성,하헌.xls"
28235-2B740,28237-2B710,1,"BOM_안진성,하헌.xls"
28235-2B740,28238-2B730,1,"BOM_안진성,하헌.xls"
28235-2B740,28239-2B740,1,"BOM_안진성,하헌.xls"
28235-2B720-K1,28235-2B730-6,1,"BOM_안진성,하헌.xls"
28235-2B720-K1,28235-2B720-2,1,"BOM_안진성,하헌.xls"
28235-2B720-K2,28235-2B730-6,1,"BOM_안진성,하헌.xls"
28235-2B720-K2,28235-2B720-3,1,"BOM_안진성,하헌.xls"
28235-2B720-R1,28235-2B720-K1,1,"BOM_안진성,하헌.xls"
28235-2B720-R2,28235-2B720-K2,1,"BOM_안진성,하헌.xls"
28235-2B720-B1,28235-2B720-R1,1,"BOM_안진성,하헌.xls"
28235-2B720-B2,28235-2B720-R2,1,"BOM_안진성,하헌.xls"
28235-2B720-T1,28235-2B720-B1,1,"BOM_안진성,하헌.xls"
28235-2B720-T1,28235-2B720-B2,1,"BOM_안진성,하헌.xls"
28235-2B720-T1,28235-2B720-1,1,"BOM_안진성,하헌.xls"
28235-2B720,28235-2B720-T1,1,"BOM_안진성,하헌.xls"
28235-2B720,28237-2B720,1,"BOM_안진성,하헌.xls"
28235-2B720,28238-2B720,1,"BOM_안진성,하헌.xls"
28353-2M100-B1,28353-2M100-1,1,"BOM_안진성,하헌.xls"
28353-2M100-B2,28353-2M100-2,1,"BOM_안진성,하헌.xls"
28353-2M100-S1,28353-2M100-B1,1,"BOM_안진성,하헌.xls"
28353-2M100-S1,28353-2M100-B2,1,"BOM_안진성,하헌.xls"
28353-2M100-S1,28353-2M100-3,1,"BOM_안진성,하헌.xls"
28353-2M100-S1,28353-2M100-4,1,"BOM_안진성,하헌.xls"
28353-2M100-S1,28353-2M100-5,1,"BOM_안진성,하헌.xls"
28353-2M100-S1,91931-M6050,1,"BOM_안진성,하헌.xls"
28353-2M100-R1,28353-2M100-S1,1,"BOM_안진성,하헌.xls"
28350-2M100,28353-2M100-R1,1,"BOM_안진성,하헌.xls"
28350-2M100,26710-2M000,1,"BOM_안진성,하헌.xls"
28353-2M100-B1,28353-2M100-1,1,"BOM_안진성,하헌.xls"
28353-2M100-B2,28353-2M100-2,1,"BOM_안진성,하헌.xls"
28353-2M110-S1,28353-2M100-B1,1,"BOM_안진성,하헌.xls"
28353-2M110-S1,28353-2M100-B2,1,"BOM_안진성,하헌.xls"
28353-2M110-S1,28353-2M100-3,1,"BOM_안진성,하헌.xls"
28353-2M110-S1,28353-2M100-4,1,"BOM_안진성,하헌.xls"
28353-2M110-S1,28353-2M100-5,1,"BOM_안진성,하헌.xls"
28353-2M110-S1,91931-F2120,1,"BOM_안진성,하헌.xls"
28353-2M110-R1,28353-2M110-S1,1,"BOM_안진성,하헌.xls"
28350-2M110,28353-2M110-R1,1,"BOM_안진성,하헌.xls"
28350-2M110,26710-2M000,1,"BOM_안진성,하헌.xls"
31728-3JX9A-O1,31728-3JX9A-1,1,"BOM_안진성,하헌.xls"
31728-3JX9A-O1,31728-3JX9A-3,1,"BOM_안진성,하헌.xls"
31728-3JX9A-C1,31728-3JX9A-O1,1,"BOM_안진성,하헌.xls"
31728-3JX9A-G1,31728-3JX9A-C1,1,"BOM_안진성,하헌.xls"
31728-3JX9A-G1,31728-3JX9A-2,1,"BOM_안진성,하헌.xls"
31728-3JX9A-R1,31728-3JX9A-G1,1,"BOM_안진성,하헌.xls"
31728-3JX9A-B1,31728-3JX9A-R1,1,"BOM_안진성,하헌.xls"
31728-3JX9A-T1,31728-3JX9A-B1,1,"BOM_안진성,하헌.xls"
31728-3JX9A,31728-3JX9A-T1,1,"BOM_안진성,하헌.xls"
28820-4A810-T1,28820-4A810-1,1,"BOM_안진성,하헌.xls"
28820-4A810-T1,28820-4A810-2,1,"BOM_안진성,하헌.xls"
28820-4A810-T1,28820-4A810-9,1,"BOM_안진성,하헌.xls"
28820-4A810-T1,28820-4A810-3,1,"BOM_안진성,하헌.xls"
28820-4A810-T1,28820-4A810-4,1,"BOM_안진성,하헌.xls"
28820-4A810-T1,28820-4A810-5,1,"BOM_안진성,하헌.xls"
28820-4A810-D1,28820-4A810-T1,1,"BOM_안진성,하헌.xls"
28820-4A810,28820-4A810-D1,1,"BOM_안진성,하헌.xls"
28820-4A810,28811-4A001,1,"BOM_안진성,하헌.xls"
28820-4A810,28820-4A810-7,1,"BOM_안진성,하헌.xls"
28820-4A810,28820-4A810-8,1,"BOM_안진성,하헌.xls"
28235-2B710-K1,28235-2B730-6,1,"BOM_안진성,하헌.xls"
28235-2B710-K1,28235-2B710-2,1,"BOM_안진성,하헌.xls"
28235-2B710-K2,28235-2B730-6,1,"BOM_안진성,하헌.xls"
28235-2B710-K2,28235-2B710-3,1,"BOM_안진성,하헌.xls"
28235-2B710-R1,28235-2B710-K1,1,"BOM_안진성,하헌.xls"
28235-2B710-R2,28235-2B710-K2,1,"BOM_안진성,하헌.xls"
28235-2B710-B1,28235-2B710-R1,1,"BOM_안진성,하헌.xls"
28235-2B710-B2,28235-2B710-R2,1,"BOM_안진성,하헌.xls"
28235-2B710-T1,28235-2B710-B1,1,"BOM_안진성,하헌.xls"
28235-2B710-T1,28235-2B710-B2,1,"BOM_안진성,하헌.xls"
28235-2B710-T1,28235-2B710-1,1,"BOM_안진성,하헌.xls"
28235-2B710-T1,39211-2B070,1,"BOM_안진성,하헌.xls"
28235-2B710-T1,28235-2B710-10,1,"BOM_안진성,하헌.xls"
28235-2B710,28235-2B710-T1,1,"BOM_안진성,하헌.xls"
28235-2B710,28237-2B710,1,"BOM_안진성,하헌.xls"
28235-2B710,28238-2B710,1,"BOM_안진성,하헌.xls"
28235-2B730-K1,28235-2B730-6,1,"BOM_안진성,하헌.xls"
28235-2B730-K1,28235-2B730-2,1,"BOM_안진성,하헌.xls"
28235-2B730-K2,28235-2B730-6,1,"BOM_안진성,하헌.xls"
28235-2B730-K2,28235-2B730-3,1,"BOM_안진성,하헌.xls"
28235-2B730-R1,28235-2B730-K1,1,"BOM_안진성,하헌.xls"
28235-2B730-R2,28235-2B730-K2,1,"BOM_안진성,하헌.xls"
28235-2B730-B1,28235-2B730-R1,1,"BOM_안진성,하헌.xls"
28235-2B730-B2,28235-2B730-R2,1,"BOM_안진성,하헌.xls"
28235-2B730-T1,28235-2B730-B1,1,"BOM_안진성,하헌.xls"
28235-2B730-T1,28235-2B730-B2,1,"BOM_안진성,하헌.xls"
28235-2B730-T1,28235-2B730-1,1,"BOM_안진성,하헌.xls"
28235-2B730-T1,39211-2B070,1,"BOM_안진성,하헌.xls"
28235-2B730-T1,28235-2B710-10,1,"BOM_안진성,하헌.xls"
28235-2B730,28235-2B730-T1,1,"BOM_안진성,하헌.xls"
28235-2B730,28237-2B710,1,"BOM_안진성,하헌.xls"
28235-2B730,28238-2B710,1,"BOM_안진성,하헌.xls"
28235-2B800-K1,28235-2B730-6,1,"BOM_안진성,하헌.xls"
28235-2B800-K1,28235-2B800-2,1,"BOM_안진성,하헌.xls"
28235-2B800-K2,28235-2B730-6,1,"BOM_안진성,하헌.xls"
28235-2B800-K2,28235-2B800-3,1,"BOM_안진성,하헌.xls"
28235-2B800-R1,28235-2B800-K1,1,"BOM_안진성,하헌.xls"
28235-2B800-R2,28235-2B800-K2,1,"BOM_안진성,하헌.xls"
28235-2B800-B1,28235-2B800-R1,1,"BOM_안진성,하헌.xls"
28235-2B800-B2,28235-2B800-R2,1,"BOM_안진성,하헌.xls"
28235-2B800-T1,28235-2B800-B1,1,"BOM_안진성,하헌.xls"
28235-2B800-T1,28235-2B800-B2,1,"BOM_안진성,하헌.xls"
28235-2B800-T1,28235-2B730-1,1,"BOM_안진성,하헌.xls"
28235-2B800-T1,39211-2B075,1,"BOM_안진성,하헌.xls"
28235-2B800-T1,28235-2B710-10,1,"BOM_안진성,하헌.xls"
28235-2B800,28235-2B730-T1,1,"BOM_안진성,하헌.xls"
28235-2B800,28237-2B710,1,"BOM_안진성,하헌.xls"
28235-2B800,28238-2B710,1,"BOM_안진성,하헌.xls"
39480-2A120-T1,39480-2A120-1,1,"BOM_안진성,하헌.xls"
39480-2A120-T1,39480-2A120-2,1,"BOM_안진성,하헌.xls"
39480-2A120-T1,39480-2A120-3,1,"BOM_안진성,하헌.xls"
39480-2A120-T1,39480-2A120-4,1,"BOM_안진성,하헌.xls"
39480-2A120-T1,39480-2A120-5,1,"BOM_안진성,하헌.xls"
39480-2A120-T1,39480-2A120-6,1,"BOM_안진성,하헌.xls"
39480-2A120,39480-2A120-T1,1,"BOM_안진성,하헌.xls"
39480-2A120,39472-2A240,1,"BOM_안진성,하헌.xls"
39480-2A120,39471-2A105,1,"BOM_안진성,하헌.xls"
39480-2A150-B1,39480-2A150-1,1,"BOM_안진성,하헌.xls"
39480-2A150-B2,39480-2A150-2,1,"BOM_안진성,하헌.xls"
39480-2A150-B3,39480-2A150-7,1,"BOM_안진성,하헌.xls"
39480-2A150-T1,39480-2A150-B1,1,"BOM_안진성,하헌.xls"
39480-2A150-T1,39480-2A150-B2,1,"BOM_안진성,하헌.xls"
39480-2A150-T1,39480-2A150-B3,1,"BOM_안진성,하헌.xls"
39480-2A150-T1,39480-2A150-3,1,"BOM_안진성,하헌.xls"
39480-2A150-T1,39480-2A150-4,1,"BOM_안진성,하헌.xls"
39480-2A150-T1,39480-2A150-8,1,"BOM_안진성,하헌.xls"
39480-2A150,39480-2A150-T1,1,"BOM_안진성,하헌.xls"
39480-2A150,39471-2A900,1,"BOM_안진성,하헌.xls"
39480-2A150-B1,39480-2A150-1,1,"BOM_안진성,하헌.xls"
39480-2A150-B2,39480-2A150-2,1,"BOM_안진성,하헌.xls"
39480-2A160-B3,39480-2A160-7,1,"BOM_안진성,하헌.xls"
39480-2A160-T1,39480-2A150-B1,1,"BOM_안진성,하헌.xls"
39480-2A160-T1,39480-2A150-B2,1,"BOM_안진성,하헌.xls"
39480-2A160-T1,39480-2A160-B3,1,"BOM_안진성,하헌.xls"
39480-2A160-T1,39480-2A150-3,1,"BOM_안진성,하헌.xls"
39480-2A160-T1,39480-2A150-4,1,"BOM_안진성,하헌.xls"
39480-2A160-T1,39480-2A150-8,1,"BOM_안진성,하헌.xls"
39480-2A160,39480-2A160-T1,1,"BOM_안진성,하헌.xls"
39480-2A160,39471-2A900,1,"BOM_안진성,하헌.xls"
39480-2A160,39471-2A851,1,"BOM_안진성,하헌.xls"
39480-2A160,39416-2A603,1,"BOM_안진성,하헌.xls"
39480-2A150-B1,39480-2A150-1,1,"BOM_안진성,하헌.xls"
39480-2A160-B3,39480-2A160-7,1,"BOM_안진성,하헌.xls"
39480-2A170-T1,39480-2A150-B1,1,"BOM_안진성,하헌.xls"
39480-2A170-T1,39480-2A160-B3,1,"BOM_안진성,하헌.xls"
39480-2A170-T1,39480-2A150-3,1,"BOM_안진성,하헌.xls"
39480-2A170-T1,39480-2A150-4,1,"BOM_안진성,하헌.xls"
39480-2A170-T1,39480-2A150-8,1,"BOM_안진성,하헌.xls"
39480-2A170,39480-2A170-T1,1,"BOM_안진성,하헌.xls"
39480-2A170,39471-2A851,1,"BOM_안진성,하헌.xls"
39480-2A180-T1,39480-2A180-1,1,"BOM_안진성,하헌.xls"
39480-2A180-T1,39480-2A180-2,1,"BOM_안진성,하헌.xls"
39480-2A180-T1,39480-2A150-3,1,"BOM_안진성,하헌.xls"
39480-2A180-T1,39480-2A150-4,1,"BOM_안진성,하헌.xls"
39480-2A180-T1,39480-2A150-8,1,"BOM_안진성,하헌.xls"
39480-2A180,39480-2A180-T1,1,"BOM_안진성,하헌.xls"
28820-4A720-P2,28820-4A720-2,1,"BOM_안진성,하헌.xls"
28820-4A720-T1,28820-4A720-P2,1,"BOM_안진성,하헌.xls"
28820-4A720-T1,28820-4A720-1,1,"BOM_안진성,하헌.xls"
28820-4A720-T1,28820-4A720-3,1,"BOM_안진성,하헌.xls"
28820-4A720-T1,28820-4A720-4,1,"BOM_안진성,하헌.xls"
28820-4A720,28820-4A720-T1,1,"BOM_안진성,하헌.xls"
28820-4A720,28811-4A001,1,"BOM_안진성,하헌.xls"
28820-4A720,28820-4A810-7,1,"BOM_안진성,하헌.xls"
28820-4A720,28820-4A810-8,1,"BOM_안진성,하헌.xls"
38322-50X0A-D1,38322-50X0A-1,1,"BOM_안진성,하헌.xls"
38322-50X0A,38322-50X0A-D1,1,"BOM_안진성,하헌.xls"
31381-3MX0A-D1,31381-3MX0A-1,1,"BOM_안진성,하헌.xls"
31381-3MX0A,31381-3MX0A-D1,1,"BOM_안진성,하헌.xls"
45272-4G100-P1,45272-4G100-1,1,"BOM_안진성,하헌.xls"
45272-4G100-B1,45272-4G100-P1,1,"BOM_안진성,하헌.xls"
45272-4G100-S1,45272-4G100-B1,1,"BOM_안진성,하헌.xls"
45272-4G100-S1,45272-4G100-2,1,"BOM_안진성,하헌.xls"
45272-4G100-R1,45272-4G100-S1,1,"BOM_안진성,하헌.xls"
45272-4G100,45272-4G100-R1,1,"BOM_안진성,하헌.xls"
45264-3D600-P1,45264-3D600-1,1,"BOM_안진성,하헌.xls"
45264-3D600-P3,45264-3D600-3,1,"BOM_안진성,하헌.xls"
45264-3D600-O1,45264-3D600-P1,1,"BOM_안진성,하헌.xls"
45264-3D600-O1,45264-3D000-6,1,"BOM_안진성,하헌.xls"
45264-3D600-O2,45264-3D600-2,1,"BOM_안진성,하헌.xls"
45264-3D600-O2,45264-3D000-6,1,"BOM_안진성,하헌.xls"
45264-3D600-O3,45264-3D600-P3,1,"BOM_안진성,하헌.xls"
45264-3D600-O3,45264-3D000-6,1,"BOM_안진성,하헌.xls"
45264-3D600-R1,45264-3D600-O1,1,"BOM_안진성,하헌.xls"
45264-3D600-R2,45264-3D600-O2,1,"BOM_안진성,하헌.xls"
45264-3D600-R3,45264-3D600-O3,1,"BOM_안진성,하헌.xls"
45264-3D600-B1,45264-3D600-R1,1,"BOM_안진성,하헌.xls"
45264-3D600-B2,45264-3D600-R2,1,"BOM_안진성,하헌.xls"
45264-3D600-B3,45264-3D600-R3,1,"BOM_안진성,하헌.xls"
45264-3D600-T1,45264-3D600-B1,1,"BOM_안진성,하헌.xls"
45264-3D600-T1,45264-3D600-B2,1,"BOM_안진성,하헌.xls"
45264-3D600-T1,45264-3D600-B3,1,"BOM_안진성,하헌.xls"
45264-3D600-T1,45264-3D000-4,1,"BOM_안진성,하헌.xls"
45264-3D600-T1,45264-3D000-5,1,"BOM_안진성,하헌.xls"
45264-3D600-D1,45264-3D600-T1,1,"BOM_안진성,하헌.xls"
45264-3D600,45264-3D600-D1,1,"BOM_안진성,하헌.xls"
45264-3D600,45264-3D000-9,1,"BOM_안진성,하헌.xls"
45264-3D900-P1,45264-3D900-1,1,"BOM_안진성,하헌.xls"
45264-3D900-P2,45264-3D900-2,1,"BOM_안진성,하헌.xls"
45264-3D900-O1,45264-3D900-P1,1,"BOM_안진성,하헌.xls"
45264-3D900-O1,45264-3D000-6,1,"BOM_안진성,하헌.xls"
45264-3D900-O2,45264-3D900-P2,1,"BOM_안진성,하헌.xls"
45264-3D900-O2,45264-3D000-6,1,"BOM_안진성,하헌.xls"
45264-3D900-R1,45264-3D900-O1,1,"BOM_안진성,하헌.xls"
45264-3D900-R2,45264-3D900-O2,1,"BOM_안진성,하헌.xls"
45264-3D900-B1,45264-3D900-R1,1,"BOM_안진성,하헌.xls"
45264-3D900-B2,45264-3D900-R2,1,"BOM_안진성,하헌.xls"
45264-3D900-T1,45264-3D900-B1,1,"BOM_안진성,하헌.xls"
45264-3D900-T1,45264-3D900-B2,1,"BOM_안진성,하헌.xls"
45264-3D900-T1,45264-3D900-3,1,"BOM_안진성,하헌.xls"
45264-3D900,45264-3D900-T1,1,"BOM_안진성,하헌.xls"
45264-3D900,45264-3D900-5,1,"BOM_안진성,하헌.xls"
28470-2F900-B1,28470-2F900-1,1,"BOM_안진성,하헌.xls"
28470-2F900-T1,28470-2F900-B1,1,"BOM_안진성,하헌.xls"
28470-2F900-T1,28470-2F900-2,1,"BOM_안진성,하헌.xls"
28470-2F900-T1,28471-2F001,1,"BOM_안진성,하헌.xls"
28470-2F900,28470-2F900-T1,1,"BOM_안진성,하헌.xls"
28470-2F900,28470-2F900-4,1,"BOM_안진성,하헌.xls"
28470-2F900,28470-2F900-5,1,"BOM_안진성,하헌.xls"
28495-2F600-D1,28495-2F600-1,1,"BOM_안진성,하헌.xls"
28495-2F600,28495-2F600-D1,1,"BOM_안진성,하헌.xls"
28495-2F600,39471-2F000,1,"BOM_안진성,하헌.xls"
28495-2F600,39472-2F600,1,"BOM_안진성,하헌.xls"
28496-2F600-D1,28496-2F600-1,1,"BOM_안진성,하헌.xls"
28496-2F600,28496-2F600-D1,1,"BOM_안진성,하헌.xls"
28496-2F600,39471-2F000,1,"BOM_안진성,하헌.xls"
28496-2F600,39472-2F600,1,"BOM_안진성,하헌.xls"
45264-23421-C1,STKM11A-0845-07,1,BOM - 나머지.xls
45264-23421-C2,STKM11A-0845-07,1,BOM - 나머지.xls
45264-23421-P1,45264-23421-C1,1,BOM - 나머지.xls
45264-23421-P2,45264-23421-C2,1,BOM - 나머지.xls
45264-23421-O1,45264-3A560,1,BOM - 나머지.xls
45264-23421-O1,45264-23421-P1,1,BOM - 나머지.xls
45264-23421-O2,45264-3A560,1,BOM - 나머지.xls
45264-23421-O2,45264-23421-P2,1,BOM - 나머지.xls
45264-23421-R1,45264-23421-O1,1,BOM - 나머지.xls
45264-23421-R2,45264-23421-O2,1,BOM - 나머지.xls
45264-23421-B1,45264-23421-R1,1,BOM - 나머지.xls
45264-23421-B2,45264-23421-R2,1,BOM - 나머지.xls
45264-23421-T1,45264-23421-B1,1,BOM - 나머지.xls
45264-23421-T1,45264-23421-B2,1,BOM - 나머지.xls
45264-23421-T1,45264-23421-3,1,BOM - 나머지.xls
45264-23421-T1,45264-23421-5,1,BOM - 나머지.xls
45264-23421,45264-23421-T1,1,BOM - 나머지.xls
45264-23421,45264-23601-9,1,BOM - 나머지.xls
45264-23421,45264-23421,1,BOM - 나머지.xls
45264-23421-C1,STKM11A-0845-07,1,BOM - 나머지.xls
45264-23421-C2,STKM11A-0845-07,1,BOM - 나머지.xls
45264-23421-P1,45264-23421-C1,1,BOM - 나머지.xls
45264-23421-P2,45264-23421-C2,1,BOM - 나머지.xls
45264-23421-O1,45264-3A560,1,BOM - 나머지.xls
45264-23421-O1,45264-23421-P1,1,BOM - 나머지.xls
45264-23421-O2,45264-3A560,1,BOM - 나머지.xls
45264-23421-O2,45264-23421-P2,1,BOM - 나머지.xls
45264-23421-R1,45264-23421-O1,1,BOM - 나머지.xls
45264-23421-R2,45264-23421-O2,1,BOM - 나머지.xls
45264-23421-B1,45264-23421-R1,1,BOM - 나머지.xls
45264-23421-B2,45264-23421-R2,1,BOM - 나머지.xls
45264-23430-T1,45264-23421-B1,1,BOM - 나머지.xls
45264-23430-T1,45264-23421-B2,1,BOM - 나머지.xls
45264-23430-T1,45264-23430-3,1,BOM - 나머지.xls
45264-23430-T1,45264-23421-5,1,BOM - 나머지.xls
45264-23430,45264-23421-T1,1,BOM - 나머지.xls
45264-23430,45264-23601-9,1,BOM - 나머지.xls
45264-23430,45264-23421,1,BOM - 나머지.xls
45264-23601-C1,STKM11A-0845-07,1,BOM - 나머지.xls
45264-23601-C2,STKM11A-0845-07,1,BOM - 나머지.xls
45264-23601-P1,45264-23601-C1,1,BOM - 나머지.xls
45264-23601-P2,45264-23601-C2,1,BOM - 나머지.xls
45264-23601-O1,45264-3A560,1,BOM - 나머지.xls
45264-23601-O1,45264-23601-P1,1,BOM - 나머지.xls
45264-23601-O2,45264-3A560,1,BOM - 나머지.xls
45264-23601-O2,45264-23601-P2,1,BOM - 나머지.xls
45264-23601-R1,45264-23601-O1,1,BOM - 나머지.xls
45264-23601-R2,45264-23601-O2,1,BOM - 나머지.xls
45264-23601-B1,45264-23601-R1,1,BOM - 나머지.xls
45264-23601-B2,45264-23601-R2,1,BOM - 나머지.xls
45264-23601-T1,45264-23601-B1,1,BOM - 나머지.xls
45264-23601-T1,45264-23601-B2,1,BOM - 나머지.xls
45264-23601-T1,45264-23601-3,1,BOM - 나머지.xls
45264-23601-T1,45264-23601-4,1,BOM - 나머지.xls
45264-23601,45264-23601-T1,1,BOM - 나머지.xls
45264-23601,45264-23601-9,1,BOM - 나머지.xls
45264-23601,45264-23601,1,BOM - 나머지.xls
45264-23601-C1,STKM11A-0845-07,1,BOM - 나머지.xls
45264-23601-C2,STKM11A-0845-07,1,BOM - 나머지.xls
45264-23601-P1,45264-23601-C1,1,BOM - 나머지.xls
45264-23601-P2,45264-23601-C2,1,BOM - 나머지.xls
45264-23601-O1,45264-3A560,1,BOM - 나머지.xls
45264-23601-O1,45264-23601-P1,1,BOM - 나머지.xls
45264-23601-O2,45264-3A560,1,BOM - 나머지.xls
45264-23601-O2,45264-23601-P2,1,BOM - 나머지.xls
45264-23601-R1,45264-23601-O1,1,BOM - 나머지.xls
45264-23601-R2,45264-23601-O2,1,BOM - 나머지.xls
45264-23601-B1,45264-23601-R1,1,BOM - 나머지.xls
45264-23601-B2,45264-23601-R2,1,BOM - 나머지.xls
45264-23601-T1,45264-23601-B1,1,BOM - 나머지.xls
45264-23601-T1,45264-23601-B2,1,BOM - 나머지.xls
45264-23601-T1,45264-23601-7,1,BOM - 나머지.xls
45264-23601-T1,45264-23601-4,1,BOM - 나머지.xls
45264-23601,45264-23601-T1,1,BOM - 나머지.xls
45264-23601,45264-23601-9,1,BOM - 나머지.xls
45264-23601,45264-23601,1,BOM - 나머지.xls
45264-23620-C1,STKM11A-0845-07,1,BOM - 나머지.xls
45264-23620-C2,STKM11A-0845-07,1,BOM - 나머지.xls
45264-23620-P1,45264-23620-C1,1,BOM - 나머지.xls
45264-23620-P2,45264-23620-C2,1,BOM - 나머지.xls
45264-23620-O1,45264-3A560,1,BOM - 나머지.xls
45264-23620-O1,45264-23620-P1,1,BOM - 나머지.xls
45264-23620-O2,45264-3A560,1,BOM - 나머지.xls
45264-23620-O2,45264-23620-P2,1,BOM - 나머지.xls
45264-23620-R1,45264-23620-O1,1,BOM - 나머지.xls
45264-23620-R2,45264-23620-O2,1,BOM - 나머지.xls
45264-23620-B1,45264-23620-R1,1,BOM - 나머지.xls
45264-23620-B2,45264-23620-R2,1,BOM - 나머지.xls
45264-23620-T1,45264-23620-B1,1,BOM - 나머지.xls
45264-23620-T1,45264-23620-B2,1,BOM - 나머지.xls
45264-23620-T1,45264-23601-3,1,BOM - 나머지.xls
45264-23620-T1,45264-23601-4,1,BOM - 나머지.xls
45264-23620-T1,45264-23601-6,1,BOM - 나머지.xls
45264-23620,45264-23620-T1,1,BOM - 나머지.xls
45264-23620,45264-23601-9,1,BOM - 나머지.xls
45264-23620,45264-23620,1,BOM - 나머지.xls
45264-23650-C1,STKM11A-0845-07,1,BOM - 나머지.xls
45264-23650-C2,STKM11A-0845-07,1,BOM - 나머지.xls
45264-23650-P1,45264-23650-C1,1,BOM - 나머지.xls
45264-23650-P2,45264-23650-C2,1,BOM - 나머지.xls
45264-23650-O1,45264-3A560,1,BOM - 나머지.xls
45264-23650-O1,45264-23650-P1,1,BOM - 나머지.xls
45264-23650-O2,45264-3A560,1,BOM - 나머지.xls
45264-23650-O2,45264-23650-P2,1,BOM - 나머지.xls
45264-23650-R1,45264-23650-O1,1,BOM - 나머지.xls
45264-23650-R2,45264-23650-O2,1,BOM - 나머지.xls
45264-23650-B1,45264-23650-R1,1,BOM - 나머지.xls
45264-23650-B2,45264-23650-R2,1,BOM - 나머지.xls
45264-23650-T1,45264-23650-B1,1,BOM - 나머지.xls
45264-23650-T1,45264-23650-B2,1,BOM - 나머지.xls
45264-23650-T1,45264-23650-3,1,BOM - 나머지.xls
45264-23650-T1,45264-23650-4,1,BOM - 나머지.xls
45264-23650-T1,45264-23650-6,1,BOM - 나머지.xls
45264-23650,45264-23650-T1,1,BOM - 나머지.xls
45264-23650,45264-23601-9,1,BOM - 나머지.xls
45264-23650,45264-23650,1,BOM - 나머지.xls
45264-23655-C1,STKM11A-0845-07,1,BOM - 나머지.xls
45264-23655-C2,STKM11A-0845-07,1,BOM - 나머지.xls
45264-23655-P1,45264-23655-C1,1,BOM - 나머지.xls
45264-23655-P2,45264-23655-C2,1,BOM - 나머지.xls
45264-23655-O1,45264-3A560,1,BOM - 나머지.xls
45264-23655-O1,45264-23655-P1,1,BOM - 나머지.xls
45264-23655-O2,45264-3A560,1,BOM - 나머지.xls
45264-23655-O2,45264-23655-P2,1,BOM - 나머지.xls
45264-23655-R1,45264-23655-O1,1,BOM - 나머지.xls
45264-23655-R2,45264-23655-O2,1,BOM - 나머지.xls
45264-23655-B1,45264-23655-R1,1,BOM - 나머지.xls
45264-23655-B2,45264-23655-R2,1,BOM - 나머지.xls
45264-23655-T1,45264-23655-B1,1,BOM - 나머지.xls
45264-23655-T1,45264-23655-B2,1,BOM - 나머지.xls
45264-23655-T1,45264-23655-3,1,BOM - 나머지.xls
45264-23655-T1,45264-23655-4,1,BOM - 나머지.xls
45264-23655-T1,45264-23650-6,1,BOM - 나머지.xls
45264-23655,45264-23655-T1,1,BOM - 나머지.xls
45264-23655,45264-23601-9,1,BOM - 나머지.xls
45264-23655,45264-23655,1,BOM - 나머지.xls
45264-02440-C1,STKM11A-0845-07,1,BOM - 나머지.xls
45264-02440-C2,STKM11A-0845-07,1,BOM - 나머지.xls
45264-02440-P1,45264-02440-C1,1,BOM - 나머지.xls
45264-02440-P2,45264-02440-C2,1,BOM - 나머지.xls
45264-02440-O1,45264-3A560,1,BOM - 나머지.xls
45264-02440-O1,45264-02440-P1,1,BOM - 나머지.xls
45264-02440-O2,45264-3A560,1,BOM - 나머지.xls
45264-02440-O2,45264-02440-P2,1,BOM - 나머지.xls
45264-02440-R1,45264-02440-O1,1,BOM - 나머지.xls
45264-02440-R2,45264-02440-O2,1,BOM - 나머지.xls
45264-02440-B1,45264-02440-R1,1,BOM - 나머지.xls
45264-02440-B2,45264-02440-R2,1,BOM - 나머지.xls
45264-02440-T1,45264-02440-B1,1,BOM - 나머지.xls
45264-02440-T1,45264-02440-B2,1,BOM - 나머지.xls
45264-02440-T1,45264-02440-3,1,BOM - 나머지.xls
45264-02440-T1,45264-02440-4,1,BOM - 나머지.xls
45264-02440,45264-02440-T1,1,BOM - 나머지.xls
45264-02440,45264-23601-9,1,BOM - 나머지.xls
45264-02440,45264-02440,1,BOM - 나머지.xls
45264-02400-C1,STKM11A-0845-07,1,BOM - 나머지.xls
45264-02400-C2,STKM11A-0845-07,1,BOM - 나머지.xls
45264-02400-P1,45264-02400-C1,1,BOM - 나머지.xls
45264-02400-P2,45264-02400-C2,1,BOM - 나머지.xls
45264-02400-O1,45264-3A560,1,BOM - 나머지.xls
45264-02400-O1,45264-02400-P1,1,BOM - 나머지.xls
45264-02400-O2,45264-3A560,1,BOM - 나머지.xls
45264-02400-O2,45264-02400-P2,1,BOM - 나머지.xls
45264-02400-R1,45264-02400-O1,1,BOM - 나머지.xls
45264-02400-R2,45264-02400-O2,1,BOM - 나머지.xls
45264-02400-B1,45264-02400-R1,1,BOM - 나머지.xls
45264-02400-B2,45264-02400-R2,1,BOM - 나머지.xls
45264-02400-T1,45264-02400-B1,1,BOM - 나머지.xls
45264-02400-T1,45264-02400-B2,1,BOM - 나머지.xls
45264-02400-T1,45264-02400-3,1,BOM - 나머지.xls
45264-02400-T1,45264-02400-4,1,BOM - 나머지.xls
45264-02400,45264-02400-T1,1,BOM - 나머지.xls
45264-02400,45264-23601-9,1,BOM - 나머지.xls
45264-02400,45264-02400,1,BOM - 나머지.xls
45264-23210-C1,STKM11A-0845-07,1,BOM - 나머지.xls
45264-23210-C2,STKM11A-0845-07,1,BOM - 나머지.xls
45264-23210-P1,45264-23210-C1,1,BOM - 나머지.xls
45264-23210-P2,45264-23210-C2,1,BOM - 나머지.xls
45264-23210-O1,45264-3A560,1,BOM - 나머지.xls
45264-23210-O1,45264-23210-P1,1,BOM - 나머지.xls
45264-23210-O2,45264-3A560,1,BOM - 나머지.xls
45264-23210-O2,45264-23210-P2,1,BOM - 나머지.xls
45264-23210-R1,45264-23210-O1,1,BOM - 나머지.xls
45264-23210-R2,45264-23210-O2,1,BOM - 나머지.xls
45264-23210-B1,45264-23210-R1,1,BOM - 나머지.xls
45264-23210-B2,45264-23210-R2,1,BOM - 나머지.xls
45264-23210-T1,45264-23210-B1,1,BOM - 나머지.xls
45264-23210-T1,45264-23210-B2,1,BOM - 나머지.xls
45264-23210-T1,45264-23210-3,1,BOM - 나머지.xls
45264-23210-T1,45264-23210-4,1,BOM - 나머지.xls
45264-23210-T1,45264-23210-6,1,BOM - 나머지.xls
45264-23210,45264-23210-T1,1,BOM - 나머지.xls
45264-23210,45264-23601-9,1,BOM - 나머지.xls
45264-23210,45264-23210,1,BOM - 나머지.xls
45264-02421-C1,STKM11A-0845-07,1,BOM - 나머지.xls
45264-02421-C2,STKM11A-0845-07,1,BOM - 나머지.xls
45264-02421-P1,45264-02421-C1,1,BOM - 나머지.xls
45264-02421-P2,45264-02421-C2,1,BOM - 나머지.xls
45264-02421-O1,45264-3A560,1,BOM - 나머지.xls
45264-02421-O1,45264-02421-P1,1,BOM - 나머지.xls
45264-02421-O2,45264-3A560,1,BOM - 나머지.xls
45264-02421-O2,45264-02421-P2,1,BOM - 나머지.xls
45264-02421-R1,45264-02421-O1,1,BOM - 나머지.xls
45264-02421-R2,45264-02421-O2,1,BOM - 나머지.xls
45264-02421-B1,45264-02421-R1,1,BOM - 나머지.xls
45264-02421-B2,45264-02421-R2,1,BOM - 나머지.xls
45264-02421-T1,45264-02421-B1,1,BOM - 나머지.xls
45264-02421-T1,45264-02421-B2,1,BOM - 나머지.xls
45264-02421-T1,45264-02421-4,1,BOM - 나머지.xls
45264-02421,45264-02421-T1,1,BOM - 나머지.xls
45264-02421,45264-23601-9,1,BOM - 나머지.xls
45264-02421,45264-02421,1,BOM - 나머지.xls
45264-02430-C1,STKM11A-0845-07,1,BOM - 나머지.xls
45264-02430-C2,STKM11A-0845-07,1,BOM - 나머지.xls
45264-02430-P1,45264-02430-C1,1,BOM - 나머지.xls
45264-02430-P2,45264-02430-C2,1,BOM - 나머지.xls
45264-02430-O1,45264-3A560,1,BOM - 나머지.xls
45264-02430-O1,45264-02430-P1,1,BOM - 나머지.xls
45264-02430-O2,45264-3A560,1,BOM - 나머지.xls
45264-02430-O2,45264-02430-P2,1,BOM - 나머지.xls
45264-02430-R1,45264-02430-O1,1,BOM - 나머지.xls
45264-02430-R2,45264-02430-O2,1,BOM - 나머지.xls
45264-02430-B1,45264-02430-R1,1,BOM - 나머지.xls
45264-02430-B2,45264-02430-R2,1,BOM - 나머지.xls
45264-02430-T1,45264-02430-B1,1,BOM - 나머지.xls
45264-02430-T1,45264-02430-B2,1,BOM - 나머지.xls
45264-02430-T1,45264-02430-3,1,BOM - 나머지.xls
45264-02430,45264-02430-T1,1,BOM - 나머지.xls
45264-02430,45264-23601-9,1,BOM - 나머지.xls
45264-02430,45264-02430,1,BOM - 나머지.xls
45264-3B620-C1,STKM11A-1045-07,1,BOM - 나머지.xls
45264-3B620-C2,STKM11A-1045-07,1,BOM - 나머지.xls
45264-3B620-P1,45264-3B620-C1,1,BOM - 나머지.xls
45264-3B620-P2,45264-3B620-C2,1,BOM - 나머지.xls
45264-3B620-O1,45264-3D000-6,1,BOM - 나머지.xls
45264-3B620-O1,45264-3B620-P1,1,BOM - 나머지.xls
45264-3B620-O2,45264-3D000-6,1,BOM - 나머지.xls
45264-3B620-O2,45264-3B620-P2,1,BOM - 나머지.xls
45264-3B620-R1,45264-3B620-O1,1,BOM - 나머지.xls
45264-3B620-R2,45264-3B620-O2,1,BOM - 나머지.xls
45264-3B620-B1,45264-3B620-R1,1,BOM - 나머지.xls
45264-3B620-B2,45264-3B620-R2,1,BOM - 나머지.xls
45264-3B620-T1,45264-3B620-B1,1,BOM - 나머지.xls
45264-3B620-T1,45264-3B620-B2,1,BOM - 나머지.xls
45264-3B620-T1,45264-3B620-3,1,BOM - 나머지.xls
45264-3B620,45264-3B620-T1,1,BOM - 나머지.xls
45264-3B620,45264-3D000-9,1,BOM - 나머지.xls
45264-3B620,45264-3B620,1,BOM - 나머지.xls
25076-43300-B1,25076-43300-1,1,BOM - 나머지.xls
25076-43300,25076-43300-B1,1,BOM - 나머지.xls
25076-43300,25076-43300-H1,1,BOM - 나머지.xls
45248-4C001-P1,45248-4C001-1,1,BOM - 나머지.xls
45248-4C001-P2,45248-4C001-P1,1,BOM - 나머지.xls
45248-4C001-B1,45248-4C001-P2,1,BOM - 나머지.xls
45248-4C001,45248-4C001-B1,1,BOM - 나머지.xls
45248-4C001,45248-4C001-H1,1,BOM - 나머지.xls
45270-4E010-P1,45270-4E010-1,1,BOM - 나머지.xls
45270-4E010-P2,45270-4E010-P1,1,BOM - 나머지.xls
45270-4E010-B1,45270-4E010-P2,1,BOM - 나머지.xls
45270-4E010,45270-4E010-B1,1,BOM - 나머지.xls
45270-4E010,45270-4E010-H1,1,BOM - 나머지.xls
45270-4E020-P1,45270-4E020-1,1,BOM - 나머지.xls
45270-4E020-P2,45270-4E020-P1,1,BOM - 나머지.xls
45270-4E020-B1,45270-4E020-P2,1,BOM - 나머지.xls
45270-4E020,45270-4E020-B1,1,BOM - 나머지.xls
45270-4E020,45270-4E020-H1,1,BOM - 나머지.xls
31045-M2XX0-P1,31045-M2XX0-1,1,BOM - 나머지.xls
31045-M2XX0-P2,31045-M2XX0-P1,1,BOM - 나머지.xls
31045-M2XX0-B1,31045-M2XX0-P2,1,BOM - 나머지.xls
31045-M2XX0,31045-M2XX0-B1,1,BOM - 나머지.xls
31045-M2XX0,31045-M2XX0-H1,1,BOM - 나머지.xls
28820-4A600-P1,28820-4A600-1,1,BOM - 나머지.xls
28820-4A600-B1,28820-4A600-P1,1,BOM - 나머지.xls
28820-4A600-Q1,28820-4A600-B1,1,BOM - 나머지.xls
28820-4A720-P10,28820-4A720-2,1,BOM - 나머지.xls
28820-4A600-T1,28820-4A600-Q1,1,BOM - 나머지.xls
28820-4A600-T1,28820-4A720-P1,1,BOM - 나머지.xls
28820-4A600-T1,28820-4A600-3,1,BOM - 나머지.xls
28820-4A600-T1,28820-4A600-4,1,BOM - 나머지.xls
28820-4A600,28820-4A600-T1,1,BOM - 나머지.xls
28820-4A600,28811-4A001,1,BOM - 나머지.xls
28820-4A600,28820-4A810-7,1,BOM - 나머지.xls
28820-4A600,28820-4A810-8,1,BOM - 나머지.xls
28820-4A600-P1,28820-4A600-1,1,BOM - 나머지.xls
28820-4A600-B1,28820-4A600-P1,1,BOM - 나머지.xls
28820-4A600-T1,28820-4A600-B1,1,BOM - 나머지.xls
28820-4A600-T1,28820-4A600-3,1,BOM - 나머지.xls
28820-4A600-T1,28820-4A600-4,1,BOM - 나머지.xls
28820-4A610,28820-4A600-T1,1,BOM - 나머지.xls
28820-4A610,28811-4A001,1,BOM - 나머지.xls
28820-4A610,28820-4A810-7,1,BOM - 나머지.xls
28820-4A702-T1,28820-4A702-1,1,BOM - 나머지.xls
28820-4A702-T1,28820-4A702-2,1,BOM - 나머지.xls
28820-4A702-T1,28820-4A600-3,1,BOM - 나머지.xls
28820-4A702-T1,28820-4A600-4,1,BOM - 나머지.xls
28820-4A702-T1,28820-4A702-5,1,BOM - 나머지.xls
28820-4A702,28820-4A702-T1,1,BOM - 나머지.xls
28820-4A702,28811-4A001,1,BOM - 나머지.xls
28820-4A702,28820-4A810-7,1,BOM - 나머지.xls
28820-4A702,28820-4A810-8,1,BOM - 나머지.xls
28820-4A710-Q1,28820-4A710-1,1,BOM - 나머지.xls
28820-4A710-P2,28820-4A710-2,1,BOM - 나머지.xls
28820-4A710-B2,28820-4A710-P2,1,BOM - 나머지.xls
28820-4A720-P2,28820-4A720-2,1,BOM - 나머지.xls
28820-4A710-T1,28820-4A720-1,1,BOM - 나머지.xls
28820-4A710-T1,28820-4A710-B2,1,BOM - 나머지.xls
28820-4A710-T1,28820-4A720-P2,1,BOM - 나머지.xls
28820-4A710-T1,28820-4A600-3,1,BOM - 나머지.xls
28820-4A710-T1,28820-4A600-4,1,BOM - 나머지.xls
28820-4A710-T1,28820-4A710-6,1,BOM - 나머지.xls
28820-4A710,28820-4A710-T1,1,BOM - 나머지.xls
28820-4A710,28811-4A001,1,BOM - 나머지.xls
28820-4A710,28820-4A810-7,1,BOM - 나머지.xls
28820-4A710,28820-4A810-8,1,BOM - 나머지.xls
28820-4A731-P1,28820-4A731-1,1,BOM - 나머지.xls
28820-4A731-B1,28820-4A731-P1,1,BOM - 나머지.xls
28820-4A731-Q1,28820-4A731-B1,1,BOM - 나머지.xls
28820-4A731-P2,28820-4A731-2,1,BOM - 나머지.xls
28820-4A731-B2,28820-4A731-P2,1,BOM - 나머지.xls
28820-4A731-P3,28820-4A731-3,1,BOM - 나머지.xls
28820-4A731-T1,28820-4A731-Q1,1,BOM - 나머지.xls
28820-4A731-T1,28820-4A731-B2,1,BOM - 나머지.xls
28820-4A731-T1,28820-4A731-P3,1,BOM - 나머지.xls
28820-4A731-T1,28820-4A600-3,1,BOM - 나머지.xls
28820-4A731-T1,28820-4A731-5,1,BOM - 나머지.xls
28820-4A731-T1,28820-4A731-6,1,BOM - 나머지.xls
28820-4A731,28811-4A001,1,BOM - 나머지.xls
28820-4A731,28820-4A810-7,1,BOM - 나머지.xls
28820-4A731,28820-4A810-8,1,BOM - 나머지.xls
28820-4A731-P1,28820-4A731-1,1,BOM - 나머지.xls
28820-4A731-B1,28820-4A731-P1,1,BOM - 나머지.xls
28820-4A741-Q1,28820-4A731-B1,1,BOM - 나머지.xls
28820-4A731-P2,28820-4A731-2,1,BOM - 나머지.xls
28820-4A731-B2,28820-4A731-P2,1,BOM - 나머지.xls
28820-4A741-T1,28820-4A741-Q1,1,BOM - 나머지.xls
28820-4A741-T1,28820-4A731-B1,1,BOM - 나머지.xls
28820-4A741-T1,28820-4A600-3,1,BOM - 나머지.xls
28820-4A741-T1,28820-4A731-5,1,BOM - 나머지.xls
28820-4A741-T1,28820-4A731-6,1,BOM - 나머지.xls
28820-4A741,28820-4A741-T1,1,BOM - 나머지.xls
28820-4A741,28811-4A001,1,BOM - 나머지.xls
28820-4A741,28820-4A810-7,1,BOM - 나머지.xls
28820-4A741,28820-4A810-8,1,BOM - 나머지.xls
28820-4A910-P1,28820-4A910-1,1,BOM - 나머지.xls
28820-4A910-B1,28820-4A910-P1,1,BOM - 나머지.xls
28820-4A910-Q1,28820-4A910-B1,1,BOM - 나머지.xls
28820-4A910-P2,28820-4A910-2,1,BOM - 나머지.xls
28820-4A910-B2,28820-4A910-P2,1,BOM - 나머지.xls
28820-4A910-T1,28820-4A910-Q1,1,BOM - 나머지.xls
28820-4A910-T1,28820-4A910-B2,1,BOM - 나머지.xls
28820-4A910-T1,28820-4A810-3,1,BOM - 나머지.xls
28820-4A910-T1,28820-4A810-4,1,BOM - 나머지.xls
28820-4A910-T1,28820-4A910-5,1,BOM - 나머지.xls
28820-4A910,28820-4A910-T1,1,BOM - 나머지.xls
28820-4A910,28811-4A001,1,BOM - 나머지.xls
28820-4A910,28820-4A810-7,1,BOM - 나머지.xls
28820-4A910,28820-4A810-8,1,BOM - 나머지.xls
28820-4A910-P1,28820-4A910-1,1,BOM - 나머지.xls
28820-4A910-B1,28820-4A910-P1,1,BOM - 나머지.xls
28820-4A920-T1,28820-4A910-B1,1,BOM - 나머지.xls
28820-4A920-T1,28820-4A810-3,1,BOM - 나머지.xls
28820-4A920-T1,28820-4A810-4,1,BOM - 나머지.xls
28820-4A920,28820-4A920-T1,1,BOM - 나머지.xls
28820-4A920,28811-4A001,1,BOM - 나머지.xls
28820-4A920,28820-4A810-7,1,BOM - 나머지.xls
28820-4A801-Q1,28820-4A801-1,1,BOM - 나머지.xls
28820-4A810-B2,28820-4A810-9,1,BOM - 나머지.xls
28820-4A801-T1,28820-4A801-Q1,1,BOM - 나머지.xls
28820-4A801-T1,28820-4A810-B2,1,BOM - 나머지.xls
28820-4A801-T1,28820-4A810-3,1,BOM - 나머지.xls
28820-4A801-T1,28820-4A810-4,1,BOM - 나머지.xls
28820-4A801,28820-4A801-T1,1,BOM - 나머지.xls
28820-4A801,28811-4A001,1,BOM - 나머지.xls
28820-4A801,28820-4A810-7,1,BOM - 나머지.xls
28820-4A801,28820-4A810-8,1,BOM - 나머지.xls
28820-4A910-P1,28820-4A910-1,1,BOM - 나머지.xls
28820-4A910-B1,28820-4A910-P1,1,BOM - 나머지.xls
28820-4C001-T1,28820-4A910-B1,1,BOM - 나머지.xls
28820-4C001-T1,28820-4A810-3,1,BOM - 나머지.xls
28820-4C001-T1,28821-4C001,1,BOM - 나머지.xls
28820-4C001,28820-4C001-T1,1,BOM - 나머지.xls
28820-4C001,28811-4A001,1,BOM - 나머지.xls
28820-4C001,28820-4A810-7,1,BOM - 나머지.xls
28820-4A910-P1,28820-4A910-1,1,BOM - 나머지.xls
28820-4A910-B1,28820-4A910-P1,1,BOM - 나머지.xls
28820-4C200-T1,28820-4A910-B1,1,BOM - 나머지.xls
28820-4C200-T1,28820-4A810-3,1,BOM - 나머지.xls
28820-4C200-T1,28821-4C001,1,BOM - 나머지.xls
28820-4C200,28820-4C200-T1,1,BOM - 나머지.xls
28820-4C200,28811-4A001,1,BOM - 나머지.xls
28820-4C200,28820-4A810-7,1,BOM - 나머지.xls
28820-4A910-P1,28820-4A910-1,1,BOM - 나머지.xls
28820-4A910-B1,28820-4A910-P1,1,BOM - 나머지.xls
28820-4A910-Q1,28820-4A910-B1,1,BOM - 나머지.xls
28820-4A910-P2,28820-4A910-2,1,BOM - 나머지.xls
28820-4A910-B2,28820-4A910-P2,1,BOM - 나머지.xls
28820-4C101-T1,28820-4A910-Q1,1,BOM - 나머지.xls
28820-4C101-T1,28820-4A910-B2,1,BOM - 나머지.xls
28820-4C101-T1,28820-4A810-3,1,BOM - 나머지.xls
28820-4C101-T1,28821-4C001,1,BOM - 나머지.xls
28820-4C101-T1,28820-4A910-5,1,BOM - 나머지.xls
28820-4C101,28820-4C101-T1,1,BOM - 나머지.xls
28820-4C101,28811-4A001,1,BOM - 나머지.xls
28820-4C101,28820-4A810-7,1,BOM - 나머지.xls
28820-4C101,28820-4A810-8,1,BOM - 나머지.xls
28820-4A810-Q1,28820-4A810-1,1,BOM - 나머지.xls
28820-4A851-P2,28820-4A851-2,1,BOM - 나머지.xls
28820-4A851-B2,28820-4A851-P2,1,BOM - 나머지.xls
28820-4A851-P3,28820-4A851-3,1,BOM - 나머지.xls
28820-4A851-B3,28820-4A851-P3,1,BOM - 나머지.xls
28820-4A851-T1,28820-4A810-Q1,1,BOM - 나머지.xls
28820-4A851-T1,28820-4A851-B2,1,BOM - 나머지.xls
28820-4A851-T1,28820-4A851-B3,1,BOM - 나머지.xls
28820-4A851-T1,28820-4A851-4,1,BOM - 나머지.xls
28820-4A851-T1,28820-4A851-5,1,BOM - 나머지.xls
28820-4A851-P4,28820-4A851-11,1,BOM - 나머지.xls
28820-4A851-B4,28820-4A851-P4,1,BOM - 나머지.xls
28820-4A851-P5,28820-4A851-12,1,BOM - 나머지.xls
28820-4A851-B5,28820-4A851-P5,1,BOM - 나머지.xls
28820-4A851-T2,28820-4A851-B4,1,BOM - 나머지.xls
28820-4A851-T2,28820-4A851-B5,1,BOM - 나머지.xls
28820-4A851-T2,28820-4A851-6,1,BOM - 나머지.xls
28820-4A851,28820-4A851-T1,1,BOM - 나머지.xls
28820-4A851,28820-4A851-T2,1,BOM - 나머지.xls
28820-4A851,28811-4A001,1,BOM - 나머지.xls
28820-4A851,28820-4A851-10,1,BOM - 나머지.xls
28820-4A851,28820-4A851-13,1,BOM - 나머지.xls
28820-4A851,28820-4A810-7,1,BOM - 나머지.xls
28820-4A851,28820-4A810-8,1,BOM - 나머지.xls
22515-03010-R1,22515-03010-1,1,BOM - 나머지.xls
22515-03010-R1,22152-03010-2,1,BOM - 나머지.xls
22152-03010,22515-03010-R1,1,BOM - 나머지.xls
22152-03010,22515-03010-H1,1,BOM - 나머지.xls
59150-2W330-R1,58652-2W330,1,BOM - 나머지.xls
59150-2W330-R1,59942-2W000,1,BOM - 나머지.xls
59150-2W330,59150-2W330-R1,1,BOM - 나머지.xls
59150-2W330,59150-2W330-H1,1,BOM - 나머지.xls
59138-S9380-S1,59138-S9380-1,1,BOM - 나머지.xls
59138-S9380-S1,59942-2W000,1,BOM - 나머지.xls
59138-S9380-R1,59138-S9380-S1,1,BOM - 나머지.xls
59138-S9380,59138-S9380-R1,1,BOM - 나머지.xls
59138-S9380,59138-S9380-H1,1,BOM - 나머지.xls
38131-84300-B1,38131-84300-1,1,BOM - 나머지.xls
38131-84300-C1,38131-84300-B1,1,BOM - 나머지.xls
38131-84300-G1,38131-84300-2,1,BOM - 나머지.xls
38131-84300-G1,38600-84301,1,BOM - 나머지.xls
38131-84300-G1,38600-84301-1,1,BOM - 나머지.xls
38131-84300-G1,38134-84300,1,BOM - 나머지.xls
38131-84300-R1,38131-84300-G1,1,BOM - 나머지.xls
38131-84300-T1,38131-84300-R1,1,BOM - 나머지.xls
38131-84300-T1,38131-84300-C1,1,BOM - 나머지.xls
38131-84300-T1,38135-84300,1,BOM - 나머지.xls
38131-84300,38131-84300-T1,1,BOM - 나머지.xls
38131-84300,38131-84300-H1,1,BOM - 나머지.xls
38600-52530-C1,38600-52530-4,1,BOM - 나머지.xls
38600-52530-C2,38600-52530-5,1,BOM - 나머지.xls
38600-52530-G1,38600-52530-C1,1,BOM - 나머지.xls
38600-52530-G1,38600-52530-C2,1,BOM - 나머지.xls
38600-52530-G1,38600-5C000-1,1,BOM - 나머지.xls
38600-52530-G1,38600-52530-2,1,BOM - 나머지.xls
38600-52530-G1,38114-52500,1,BOM - 나머지.xls
38600-52530-G1,15228-15000,1,BOM - 나머지.xls
38600-52530-G1,15220-24151,1,BOM - 나머지.xls
38600-52530-R1,38600-52530-G1,1,BOM - 나머지.xls
38600-525350,38600-52530-R1,1,BOM - 나머지.xls
38600-525350,38600-52530-H1,1,BOM - 나머지.xls
38600-52100-G1,38600-5C000-1,1,BOM - 나머지.xls
38600-52100-G1,38600-52100-2,1,BOM - 나머지.xls
38600-52100-G1,38600-52100-3,1,BOM - 나머지.xls
38600-52100-G1,38600-52100-4,1,BOM - 나머지.xls
38600-52100-G1,38114-52000,1,BOM - 나머지.xls
38600-52100-G1,15228-15000,1,BOM - 나머지.xls
38600-52100-G1,15220-24151,1,BOM - 나머지.xls
38600-52100-R1,38600-52100-G1,1,BOM - 나머지.xls
38600-52100,38600-52100-R1,1,BOM - 나머지.xls
38600-52100,38600-52100-H1,1,BOM - 나머지.xls
28271-5C010-B1,28271-5C010,1,BOM - 나머지.xls
28271-5C010-C1,28271-5C010-B1,1,BOM - 나머지.xls
28270-5C010-G1,28271-5C010-C1,1,BOM - 나머지.xls
28270-5C010-G1,15406-10000,1,BOM - 나머지.xls
28270-5C010-G1,28274-5C010,1,BOM - 나머지.xls
28270-5C010-R1,28270-5C010-G1,1,BOM - 나머지.xls
28270-5C010,28270-5C010-R1,1,BOM - 나머지.xls
28270-5C010,28270-5C010-H1,1,BOM - 나머지.xls
28276-5C010-C1,STKM11A-1046-07,1,BOM - 나머지.xls
28276-5C010-P1,28276-5C010-C1,1,BOM - 나머지.xls
28276-5C010-B1,28276-5C010-P1,1,BOM - 나머지.xls
28276-5C010-C2,28276-5C010-B1,1,BOM - 나머지.xls
28275-5C010-G1,28276-5C010-C2,1,BOM - 나머지.xls
28275-5C010-G1,15406-10000,1,BOM - 나머지.xls
28275-5C010-G1,28275-5C010-2,1,BOM - 나머지.xls
28275-5C010-R1,28275-5C010-G1,1,BOM - 나머지.xls
28275-5C010,28275-5C010-R1,1,BOM - 나머지.xls
28275-5C010,28278-5C010,1,BOM - 나머지.xls
25433-82600-D1,25433-82600,1,BOM - 나머지.xls
25452-82600-P1,25452-82600,1,BOM - 나머지.xls
25452-82600-P2,25452-82600-P1,1,BOM - 나머지.xls
25452-82600-B1,25452-82600-P2,1,BOM - 나머지.xls
25467-82600-T1,25452-82600-B1,1,BOM - 나머지.xls
25467-82600-T1,25434-82600,1,BOM - 나머지.xls
25467-82600,25467-82600-T1,1,BOM - 나머지.xls
25467-82600,25433-82600-D1,1,BOM - 나머지.xls
25467-82600,13905-06001,1,BOM - 나머지.xls
25467-82600,14813-10179,1,BOM - 나머지.xls
25467-82600,11403-06141,1,BOM - 나머지.xls
25471-5800-C1,TSW-1046-07,1,BOM - 나머지.xls
25471-5800-P1,25471-5800-C1,1,BOM - 나머지.xls
25471-5800-P2,25471-5800-P1,1,BOM - 나머지.xls
25471-5800-B1,25471-5800-P2,1,BOM - 나머지.xls
25470-52800-T1,25471-5800-B1,1,BOM - 나머지.xls
25470-52800-T1,25482-52800,1,BOM - 나머지.xls
25470-52800,25470-52800-T1,1,BOM - 나머지.xls
25470-52800,28278-5C010,1,BOM - 나머지.xls
26761-85800-P1,26761-85800,1,BOM - 나머지.xls
26761-85800-B1,26761-85800-P1,1,BOM - 나머지.xls
26760-85800-G1,26761-85800-B1,1,BOM - 나머지.xls
26760-85800-G1,26760-85800-2,1,BOM - 나머지.xls
26760-85800-R1,26760-85800-G1,1,BOM - 나머지.xls
26760-85800,26760-85800-R1,1,BOM - 나머지.xls
26760-85800,26762-85800,1,BOM - 나머지.xls
26760-85800,26763-85800,1,BOM - 나머지.xls
25467-84701-P1,25467-84701,1,BOM - 나머지.xls
25467-84701-P2,25467-84701-P1,1,BOM - 나머지.xls
25467-84701-B1,25467-84701-P2,1,BOM - 나머지.xls
25467-84750-T1,25467-84701-B1,1,BOM - 나머지.xls
25467-84750-T1,25467-84752,1,BOM - 나머지.xls
25467-84750,25467-84750-T1,1,BOM - 나머지.xls
25467-84750,25467-84750-H1,1,BOM - 나머지.xls
29730-52800-D1,29730-52800,1,BOM - 나머지.xls
25481-52800-C1,TSW-1046-07,1,BOM - 나머지.xls
25481-52800-P1,25481-52800-C1,1,BOM - 나머지.xls
25481-52800-P2,25481-52800-P1,1,BOM - 나머지.xls
25481-52800-B1,25481-52800-P2,1,BOM - 나머지.xls
25480-52800-T1,25481-52800-B1,1,BOM - 나머지.xls
25480-52800-T1,25483-52802,1,BOM - 나머지.xls
25480-52800-G1,25480-52800-T1,1,BOM - 나머지.xls
25480-52800-G1,13905-06000,1,BOM - 나머지.xls
25480-52802,25480-52800-G1,1,BOM - 나머지.xls
2491-52800-C1,STKM11A-1046-07,1,BOM - 나머지.xls
25491-52800-P1,25491-52800-C1,1,BOM - 나머지.xls
25491-52800-G1,25491-52800-P1,1,BOM - 나머지.xls
25491-52800-G1,38215-84050,1,BOM - 나머지.xls
25491-52800-R1,25491-52800-G1,1,BOM - 나머지.xls
25491-52800-B1,25491-52800-R1,1,BOM - 나머지.xls
25490-52800-T1,25491-52800-B1,1,BOM - 나머지.xls
25490-52800-T1,254921-52800,1,BOM - 나머지.xls
25490-52800,25490-52800-T1,1,BOM - 나머지.xls
25430-52801,25480-52802,1,BOM - 나머지.xls
25430-52801,25490-52800,1,BOM - 나머지.xls
25430-52801,29730-52800-D1,1,BOM - 나머지.xls
25430-52801,28278-5C010,1,BOM - 나머지.xls
25430-52801,11403-06126,1,BOM - 나머지.xls
25430-52801,5430-52801-L1,1,BOM - 나머지.xls
25465-84703-D1,25465-84703,1,BOM - 나머지.xls
25465-84210-P1,25465-84210,1,BOM - 나머지.xls
25465-84210-B1,25465-84210-P1,1,BOM - 나머지.xls
25465-84200,25465-84210-B1,1,BOM - 나머지.xls
25465-84200,25465-84703-D1,1,BOM - 나머지.xls
25465-84200,11403-06101,1,BOM - 나머지.xls
25465-84200,14813-10179,1,BOM - 나머지.xls
25465-84200,25465-84220,1,BOM - 나머지.xls
25465-84703-D1,25465-84703,1,BOM - 나머지.xls
25465-84701-P1,25465-84701,1,BOM - 나머지.xls
25465-84701-B1,25465-84701-P1,1,BOM - 나머지.xls
25465-84750,25465-84701-B1,1,BOM - 나머지.xls
25465-84750,25465-84703-D1,1,BOM - 나머지.xls
25465-84750,11403-06101,1,BOM - 나머지.xls
25465-84750,14813-10179,1,BOM - 나머지.xls
25465-84750,25466-84752,1,BOM - 나머지.xls
31303-84200-C1,STKM11A-1046-07,1,BOM - 나머지.xls
31303-84200-P1,31303-84200-C1,1,BOM - 나머지.xls
31303-84200-P2,31303-84200-P1,1,BOM - 나머지.xls
31303-84200-O1,31303-84200-P2,1,BOM - 나머지.xls
31303-84200-O1,45264-3D000-6,1,BOM - 나머지.xls
31303-84200-R1,31303-84200-O1,1,BOM - 나머지.xls
31303-84200-B1,31303-84200-R1,1,BOM - 나머지.xls
31303-84200-T1,31303-84200-B1,1,BOM - 나머지.xls
31303-84200-T1,31303-84200-2,1,BOM - 나머지.xls
31303-84200,31303-84200-T1,1,BOM - 나머지.xls
31303-84200,31303-84200-H1,1,BOM - 나머지.xls
31303-84210-C1,STKM11A-1046-07,1,BOM - 나머지.xls
31303-84210-P1,31303-84210-C1,1,BOM - 나머지.xls
31303-84210-P2,31303-84210-P1,1,BOM - 나머지.xls
31303-84210-B1,31303-84210-P2,1,BOM - 나머지.xls
31303-84210-G1,31303-84210-B1,1,BOM - 나머지.xls
31303-84210-G1,31303-84200-2,1,BOM - 나머지.xls
31303-84210-G1,15406-10000,1,BOM - 나머지.xls
31303-84210-R1,31303-84210-G1,1,BOM - 나머지.xls
31303-84210,31303-84210-R1,1,BOM - 나머지.xls
31303-84210,31303-84210-H1,1,BOM - 나머지.xls
21782-82601-G1,21782-82601,1,BOM - 나머지.xls
21782-82601-G1,13905-06001,1,BOM - 나머지.xls
21782-82301-D1,21782-82601-G1,1,BOM - 나머지.xls
21781-82600-C1,STKM11A-1046-07,1,BOM - 나머지.xls
21780-82601-P1,21781-82600-C1,1,BOM - 나머지.xls
21780-82601-O1,21780-82601-P1,1,BOM - 나머지.xls
21780-82601-O1,45264-3D000-6,1,BOM - 나머지.xls
21780-82601-R1,21780-82601-O1,1,BOM - 나머지.xls
21780-82601-B1,21780-82601-R1,1,BOM - 나머지.xls
21780-82601,21780-82601-B1,1,BOM - 나머지.xls
21780-82601,21782-82601-D1,1,BOM - 나머지.xls
21780-82601,14813-10179,1,BOM - 나머지.xls
21780-82601,11403-06141,1,BOM - 나머지.xls
25471-52812-C1,TSW-1046-07,1,BOM - 나머지.xls
25471-52812-P1,25471-52812-C1,1,BOM - 나머지.xls
25471-52812-P2,25471-52812-P1,1,BOM - 나머지.xls
25471-52812-B1,25471-52812-P2,1,BOM - 나머지.xls
25471-52812-T1,25471-52812-B1,1,BOM - 나머지.xls
25471-52812-T1,25482-52800,1,BOM - 나머지.xls
25470-52812,25471-52812-T1,1,BOM - 나머지.xls
25470-52812,28278-5C010,1,BOM - 나머지.xls
29730-52800-D1,29730-52800,1,BOM - 나머지.xls
25481-52811-C1,TSW-1046-07,1,BOM - 나머지.xls
25481-52811-P1,25481-52811-C1,1,BOM - 나머지.xls
25481-52811-P2,25481-52811-P1,1,BOM - 나머지.xls
25481-52811-B1,25481-52811-P2,1,BOM - 나머지.xls
25480-52812-T1,25481-52811-B1,1,BOM - 나머지.xls
25480-52812-T1,25483-52802,1,BOM - 나머지.xls
25480-52812-G1,25480-52812-T1,1,BOM - 나머지.xls
25480-52812-G1,13905-06000,1,BOM - 나머지.xls
25480-52812,25480-52812-G1,1,BOM - 나머지.xls
25491-52812-C1,STKM11A-1046-07,1,BOM - 나머지.xls
25491-52800-P1,25491-52812-C1,1,BOM - 나머지.xls
25491-52800-B1,25491-52800-P1,1,BOM - 나머지.xls
25490-52800-G1,25491-52800-B1,1,BOM - 나머지.xls
25490-52800-G1,38215-84050,1,BOM - 나머지.xls
25490-52800-R1,25490-52800-G1,1,BOM - 나머지.xls
25430-52812,25490-52800-R1,1,BOM - 나머지.xls
25430-52812,25480-52812,1,BOM - 나머지.xls
25430-52812,25430-52812,1,BOM - 나머지.xls
25430-52812,29730-52800-D1,1,BOM - 나머지.xls
25430-52812,28278-5C010,1,BOM - 나머지.xls
25430-52812,11403-06126,1,BOM - 나머지.xls
28458-52238-P1,28458-52238-1,1,BOM - 나머지.xls
28458-52238-B1,28458-52238-P1,1,BOM - 나머지.xls
28458-52238-P2,28458-52238-3,1,BOM - 나머지.xls
28458-52238-P3,28458-52238-4,1,BOM - 나머지.xls
28458-52238-B3,28458-52238-P3,1,BOM - 나머지.xls
28458-52238-T1,28458-52238-B1,1,BOM - 나머지.xls
28458-52238-T1,28458-52238-P2,1,BOM - 나머지.xls
28458-52238-T1,28458-52238-B3,1,BOM - 나머지.xls
28458-52238-T1,28458-52238-2,1,BOM - 나머지.xls
28458-52238,28458-52238-T1,1,BOM - 나머지.xls
28458-52238,28475-52236,1,BOM - 나머지.xls
28458-52238,28458-52238-7,1,BOM - 나머지.xls
28458-52238,8458-52238-8,1,BOM - 나머지.xls
25466-84711-G1,25466-84711,1,BOM - 나머지.xls
25466-84711-G1,13905-08000,1,BOM - 나머지.xls
25466-84711-D1,25466-84711-G1,1,BOM - 나머지.xls
25466-84701-C1,TSW-1046-07,1,BOM - 나머지.xls
25466-84710-P1,25466-84701-C1,1,BOM - 나머지.xls
25466-84710-B1,25466-84710-P1,1,BOM - 나머지.xls
25466-84710,25466-84710-B1,1,BOM - 나머지.xls
25466-84710,25466-84702,1,BOM - 나머지.xls
25466-84710,11403-06101,1,BOM - 나머지.xls
25466-84710,25465-84702,1,BOM - 나머지.xls
25466-84710,14813-10179,1,BOM - 나머지.xls
25466-84710,25466-84711-D1,1,BOM - 나머지.xls
38610-85700-G1,38610-85700-1,1,BOM - 나머지.xls
38610-85700-G1,38610-85700-2,1,BOM - 나머지.xls
38610-85700-G1,38610-85700-3,1,BOM - 나머지.xls
38610-85700-G1,38610-85700-4,1,BOM - 나머지.xls
38610-85700-G1,38610-85700-5,1,BOM - 나머지.xls
38610-85700-R1,38610-85700-G1,1,BOM - 나머지.xls
38610-85700,38610-85700-R1,1,BOM - 나머지.xls
38610-85700,38610-85700-H1,1,BOM - 나머지.xls
38610-85800-G1,38610-85700-1,1,BOM - 나머지.xls
38610-85800-G1,38610-85700-2,1,BOM - 나머지.xls
38610-85800-G1,38610-85800-3,1,BOM - 나머지.xls
38610-85800-G1,38610-85700-5,1,BOM - 나머지.xls
38610-85800-R1,38610-85800-G1,1,BOM - 나머지.xls
38610-85800,38610-85800-R1,1,BOM - 나머지.xls
38610-85800,38610-85800-H1,1,BOM - 나머지.xls
S25452-3A600-3-P1,S25452-3A600-3,1,BOM - 나머지.xls
S25452-3A600-3-B1,S25452-3A600-3-P1,1,BOM - 나머지.xls
S25452-3A600-3-Q1,S25452-3A600-3-B1,1,BOM - 나머지.xls
S25452-3A600-8-P2,S25452-3A600-8,1,BOM - 나머지.xls
S25452-3A600-T1,S25452-3A600-3-Q1,1,BOM - 나머지.xls
S25452-3A600-T1,S25452-3A600-8-P2,1,BOM - 나머지.xls
S25452-3A600-T1,S25452-3A600-7,1,BOM - 나머지.xls
S25452-3A600-T1,S25452-3A600-10,1,BOM - 나머지.xls
S25452-3A600,S25452-3A600-T1,1,BOM - 나머지.xls
S25452-3A600,S25452-3A600-H1,1,BOM - 나머지.xls
S25452-3A600-3-P1,S25452-3A600-3,1,BOM - 나머지.xls
S25452-3A600-3-B1,S25452-3A600-3-P1,1,BOM - 나머지.xls
S25452-3A640-T1,S25452-3A600-3-B1,1,BOM - 나머지.xls
S25452-3A640-T1,S25452-3A600-7,1,BOM - 나머지.xls
S25452-3A640-T1,S25452-3A600-10,1,BOM - 나머지.xls
S25452-3A640,S25452-3A640-T1,1,BOM - 나머지.xls
S25452-3A640,S25452-3A640-H1,1,BOM - 나머지.xls
28470-3A600-P1,28470-3A600-1,1,BOM - 나머지.xls
28470-3A600-B1,28470-3A600-P1,1,BOM - 나머지.xls
28470-3A600-T1,28470-3A600-B1,1,BOM - 나머지.xls
28470-3A600-T1,28470-3A600-2,1,BOM - 나머지.xls
28470-3A600-T1,28470-3A600-3,1,BOM - 나머지.xls
28470-3A600,28470-3A600-T1,1,BOM - 나머지.xls
28470-3A600,28475-3A600,1,BOM - 나머지.xls
28470-3A600,28476-3A600,1,BOM - 나머지.xls
25411-3V000-B1,25411-3V000-1,1,BOM - 나머지.xls
25411-3V000-S1,25411-3V000-B1,1,BOM - 나머지.xls
25411-3V000-S1,25411-3V000-2,1,BOM - 나머지.xls
25411-3V000-R1,25411-3V000-S1,1,BOM - 나머지.xls
25410-3V000,25411-3V000-R1,1,BOM - 나머지.xls
25410-3V000,25412-3V000,1,BOM - 나머지.xls
28486-3V000-B1,28486-3V000-1,1,BOM - 나머지.xls
28486-3V000-S1,28486-3V000-B1,1,BOM - 나머지.xls
28486-3V000-S1,28486-3V000-2,1,BOM - 나머지.xls
28486-3V000-S1,28486-3V000-3,1,BOM - 나머지.xls
28486-3V000-R1,28486-3V000-S1,1,BOM - 나머지.xls
28486-3V000,28486-3V000-R1,1,BOM - 나머지.xls
28486-3V000,28486-3V000-H1,1,BOM - 나머지.xls
25453-08200-B1,25453-08200-1,1,BOM - 나머지.xls
25453-08200-S1,25453-08200-B1,1,BOM - 나머지.xls
25453-08200-S1,25453-08200-2,1,BOM - 나머지.xls
25453-08200-R1,25453-08200-S1,1,BOM - 나머지.xls
25453-08200,25453-08200-R1,1,BOM - 나머지.xls
25453-08200,25454-08200,1,BOM - 나머지.xls
25453-08200,25455-08200,1,BOM - 나머지.xls
25461-2R000-B1,25461-2R000-1,1,BOM - 나머지.xls
25461-2R000-T1,25461-2R000-B1,1,BOM - 나머지.xls
25461-2R000-T1,25461-2R000-2,1,BOM - 나머지.xls
25460-2R000,25461-2R000-T1,1,BOM - 나머지.xls
25460-2R000,25462-2R000,1,BOM - 나머지.xls
25411-2R000-O1,25411-2R000-1,1,BOM - 나머지.xls
25411-2R000-O1,25411-2R000-6,1,BOM - 나머지.xls
25411-2R000-S1,25411-2R000-O1,1,BOM - 나머지.xls
25411-2R000-S1,25411-2R000-3,1,BOM - 나머지.xls
25411-2R000-S1,25411-2R000-4,1,BOM - 나머지.xls
25411-2R000-R1,25411-2R000-S1,1,BOM - 나머지.xls
25410-2R000,25411-2R000-R1,1,BOM - 나머지.xls
25410-2R000,25411-2R000-5,1,BOM - 나머지.xls
25410-2R000,25412-2R000,1,BOM - 나머지.xls
25410-2R000,25420-2R000,1,BOM - 나머지.xls
25411-2R000-O1,25411-2R000-1,1,BOM - 나머지.xls
25411-2R000-O1,25411-2R000-6,1,BOM - 나머지.xls
25411-2R000-S1,25411-2R000-O1,1,BOM - 나머지.xls
25411-2R000-S1,25411-2R000-3,1,BOM - 나머지.xls
25411-2R000-S1,25411-2R000-4,1,BOM - 나머지.xls
25411-2R000-R1,25411-2R000-S1,1,BOM - 나머지.xls
25410-2R000,25411-2R000-R1,1,BOM - 나머지.xls
25413-2R030-B1,25413-2R030-1,1,BOM - 나머지.xls
25413-2R030-S1,25413-2R030-B1,1,BOM - 나머지.xls
25413-2R030-S1,25413-2R030-2,1,BOM - 나머지.xls
25413-2R030-R1,25413-2R030-S1,1,BOM - 나머지.xls
25413-2R030,25413-2R030-R1,1,BOM - 나머지.xls
25410-2R030,25410-2R000,1,BOM - 나머지.xls
25410-2R030,25413-2R030,1,BOM - 나머지.xls
25410-2R030,25411-2R000-5,1,BOM - 나머지.xls
25410-2R030,25412-2R000,1,BOM - 나머지.xls
25410-2R030,25420-2R000,1,BOM - 나머지.xls
25410-2R030,25430-2R000,1,BOM - 나머지.xls
38131-48802-B1,38131-48802-1,1,BOM - 나머지.xls
38131-48802-G1,38131-48802-B1,1,BOM - 나머지.xls
38131-48802-G1,38114-52000,1,BOM - 나머지.xls
38131-48802-G1,15228-15000,1,BOM - 나머지.xls
38131-48802-G1,15220-24151,1,BOM - 나머지.xls
38131-48802-R1,38131-48802-G1,1,BOM - 나머지.xls
38131-48802,38131-48802-R1,1,BOM - 나머지.xls
38131-48802,38131-48802-H1,1,BOM - 나머지.xls
28470-2FRAO-G1,28470-2FRAO-2,1,BOM - 나머지.xls
28470-2FRAO-G1,13905-06000,1,BOM - 나머지.xls
28470-2FRAO-P1,28470-2FRAO-1,1,BOM - 나머지.xls
28470-2FRAO-B1,28470-2FRAO-P1,1,BOM - 나머지.xls
28470-2FRAO-T1,28470-2FRAO-B1,1,BOM - 나머지.xls
28470-2FRAO-T1,28470-2FRAO-G1,1,BOM - 나머지.xls
28470-2FRAO,28470-2FRAO-T1,1,BOM - 나머지.xls
28470-2FRAO,28470-2FRAO-3,1,BOM - 나머지.xls
28470-2FRAO,28470-2FRAO-4,1,BOM - 나머지.xls
28495-2FC00-T1,28495-2FC00-B1,1,BOM - 나머지.xls
28495-2FC00-T1,28495-2FC00-2,1,BOM - 나머지.xls
28495-2FC00,28495-2FC00-T1,1,BOM - 나머지.xls
28495-2FC00,39471-2F600,1,BOM - 나머지.xls
39420-2FC00-P1,39420-2FC00-1,1,BOM - 나머지.xls
39420-2FC00-B1,39420-2FC00-P1,1,BOM - 나머지.xls
39420-2FC00-T1,39420-2FC00-B1,1,BOM - 나머지.xls
39420-2FC00-T1,39420-2FC00-2,1,BOM - 나머지.xls
39420-2FC00,39420-2FC00-T1,1,BOM - 나머지.xls
39420-2FC00,39420-2FC00-3,1,BOM - 나머지.xls
39420-2FC00,39420-2FC00-4,1,BOM - 나머지.xls
