item,type,suffix
11403-06101,완제품/조립,
11403-06126,완제품/조립,
11403-06141,완제품/조립,
13905-06000,완제품/조립,
13905-06001,완제품/조립,
13905-08000,완제품/조립,
14813-10179,완제품/조립,
15220-24151,완제품/조립,
15228-15000,완제품/조립,
15406-10000,완제품/조립,
21780-82601,완제품/조립,
21780-82601-B1,반제품,B1
21780-82601-O1,반제품,O1
21780-82601-P1,반제품,P1
21780-82601-R1,반제품,R1
21781-82600-C1,반제품,C1
21782-82301-D1,반제품,D1
21782-82601,완제품/조립,
21782-82601-D1,반제품,D1
21782-82601-G1,반제품,G1
22152-03010,완제품/조립,
22152-03010-2,완제품/조립,
22515-03010-1,완제품/조립,
22515-03010-H1,반제품,H1
22515-03010-R1,반제품,R1
2491-52800-C1,원자재/기타,
25076-43300,완제품/조립,
25076-43300-1,완제품/조립,
25076-43300-B1,반제품,B1
25076-43300-D1,반제품,D1
25076-43300-H1,반제품,H1
25076-43300-P1,반제품,P1
25076-43300-P2,반제품,P2
25410-2R000,완제품/조립,
25410-2R030,완제품/조립,
25410-3V000,완제품/조립,
25411-2R000-1,완제품/조립,
25411-2R000-3,완제품/조립,
25411-2R000-4,완제품/조립,
25411-2R000-5,완제품/조립,
25411-2R000-6,완제품/조립,
25411-2R000-B1,반제품,B1
25411-2R000-C1,반제품,C1
25411-2R000-O1,반제품,O1
25411-2R000-P1,반제품,P1
25411-2R000-Q1,반제품,Q1
25411-2R000-R1,반제품,R1
25411-2R000-S1,반제품,S1
25411-3V000-1,완제품/조립,
25411-3V000-2,완제품/조립,
25411-3V000-B1,반제품,B1
25411-3V000-P1,반제품,P1
25411-3V000-R1,반제품,R1
25411-3V000-S1,반제품,S1
25412-2R000,완제품/조립,
25412-3V000,완제품/조립,
25413-2R030,완제품/조립,
25413-2R030-1,완제품/조립,
25413-2R030-2,완제품/조립,
25413-2R030-B1,반제품,B1
25413-2R030-P1,반제품,P1
25413-2R030-R1,반제품,R1
25413-2R030-S1,반제품,S1
25420-2R000,완제품/조립,
25430-2R000,완제품/조립,
25430-52801,완제품/조립,
25430-52801-L1,반제품,L1
25430-52812,완제품/조립,
25430-52812-L1,반제품,L1
25433-822600,원자재/기타,
25433-82600,완제품/조립,
25433-82600-D1,반제품,D1
25434-82600,완제품/조립,
25452-82600,완제품/조립,
25452-82600-B1,반제품,B1
25452-82600-P1,반제품,P1
25452-82600-P2,반제품,P2
25453-08200,완제품/조립,
25453-08200-1,완제품/조립,
25453-08200-2,완제품/조립,
25453-08200-B1,반제품,B1
25453-08200-P1,반제품,P1
25453-08200-R1,반제품,R1
25453-08200-S1,반제품,S1
25454-08200,완제품/조립,
25455-08200,완제품/조립,
25460-2R000,완제품/조립,
25461-2R000-1,완제품/조립,
25461-2R000-2,완제품/조립,
25461-2R000-B1,반제품,B1
25461-2R000-P1,반제품,P1
25461-2R000-T1,반제품,T1
25462-2R000,완제품/조립,
25465-84200,완제품/조립,
25465-84200-D1,반제품,D1
25465-84200-L1,반제품,L1
25465-84210,완제품/조립,
25465-84210-B1,반제품,B1
25465-84210-P1,반제품,P1
25465-84220,완제품/조립,
25465-84701,완제품/조립,
25465-84701-B1,반제품,B1
25465-84701-P1,반제품,P1
25465-84702,완제품/조립,
25465-84703,완제품/조립,
25465-84703-D1,반제품,D1
25465-84750,완제품/조립,
25465-84750-D1,반제품,D1
25465-84750-L1,반제품,L1
25466-84701-C1,반제품,C1
25466-84702,완제품/조립,
25466-84710,완제품/조립,
25466-84710-B1,반제품,B1
25466-84710-P1,반제품,P1
25466-84711,완제품/조립,
25466-84711-D1,반제품,D1
25466-84711-G1,반제품,G1
25466-84752,완제품/조립,
25467-82600,완제품/조립,
25467-82600-T1,반제품,T1
25467-84701,완제품/조립,
25467-84701-B1,반제품,B1
25467-84701-C1,반제품,C1
25467-84701-P1,반제품,P1
25467-84701-P2,반제품,P2
25467-84750,완제품/조립,
25467-84750-H1,반제품,H1
25467-84750-T1,반제품,T1
25467-84752,완제품/조립,
25470-52800,완제품/조립,
25470-52800-T1,반제품,T1
25470-52812,완제품/조립,
25470-52812-B1,반제품,B1
25470-52812-P1,반제품,P1
25470-52812-T1,반제품,T1
25471-52800-B1,반제품,B1
25471-52800-C1,반제품,C1
25471-52800-P1,반제품,P1
25471-52812-B1,반제품,B1
25471-52812-C1,반제품,C1
25471-52812-P1,반제품,P1
25471-52812-P2,반제품,P2
25471-52812-T1,반제품,T1
25471-5800-B1,원자재/기타,
25471-5800-C1,원자재/기타,
25471-5800-P1,원자재/기타,
25471-5800-P2,원자재/기타,
25480-52800-G1,반제품,G1
25480-52800-T1,반제품,T1
25480-52802,완제품/조립,
25480-52802-T1,반제품,T1
25480-52812,완제품/조립,
25480-52812-G1,반제품,G1
25480-52812-T1,반제품,T1
25481-52800-B1,반제품,B1
25481-52800-C1,반제품,C1
25481-52800-P1,반제품,P1
25481-52800-P2,반제품,P2
25481-52811-B1,반제품,B1
25481-52811-C1,반제품,C1
25481-52811-P1,반제품,P1
25481-52811-P2,반제품,P2
25482-52800,완제품/조립,
25483-52802,완제품/조립,
25490-52800,완제품/조립,
25490-52800-G1,반제품,G1
25490-52800-R1,반제품,R1
25490-52800-T1,반제품,T1
25491-52800-B1,반제품,B1
25491-52800-C1,반제품,C1
25491-52800-G1,반제품,G1
25491-52800-P1,반제품,P1
25491-52800-R1,반제품,R1
25491-52812-B1,반제품,B1
25491-52812-C1,반제품,C1
25491-52812-P1,반제품,P1
254921-52800,원자재/기타,
26710-2M000,완제품/조립,
26760-85800,완제품/조립,
26760-85800-2,완제품/조립,
26760-85800-G1,반제품,G1
26760-85800-R1,반제품,R1
26761-85800,완제품/조립,
26761-85800-B1,반제품,B1
26761-85800-P1,반제품,P1
26762-85800,완제품/조립,
26763-85800,완제품/조립,
28235-27B10-B1,반제품,B1
28235-27B10-B2,반제품,B2
28235-2B710,완제품/조립,
28235-2B710-1,완제품/조립,
28235-2B710-10,원자재/기타,
28235-2B710-2,완제품/조립,
28235-2B710-3,완제품/조립,
28235-2B710-B1,반제품,B1
28235-2B710-B2,반제품,B2
28235-2B710-K1,반제품,K1
28235-2B710-K2,반제품,K2
28235-2B710-R1,반제품,R1
28235-2B710-R2,반제품,R2
28235-2B710-T1,반제품,T1
28235-2B720,완제품/조립,
28235-2B720-1,완제품/조립,
28235-2B720-2,완제품/조립,
28235-2B720-3,완제품/조립,
28235-2B720-B1,반제품,B1
28235-2B720-B2,반제품,B2
28235-2B720-K1,반제품,K1
28235-2B720-K2,반제품,K2
28235-2B720-R1,반제품,R1
28235-2B720-R2,반제품,R2
28235-2B720-T1,반제품,T1
28235-2B730,완제품/조립,
28235-2B730-1,완제품/조립,
28235-2B730-2,완제품/조립,
28235-2B730-3,완제품/조립,
28235-2B730-6,완제품/조립,
28235-2B730-B1,반제품,B1
28235-2B730-B2,반제품,B2
28235-2B730-K1,반제품,K1
28235-2B730-K2,반제품,K2
28235-2B730-R1,반제품,R1
28235-2B730-R2,반제품,R2
28235-2B730-T1,반제품,T1
28235-2B740,완제품/조립,
28235-2B740-2,완제품/조립,
28235-2B740-3,완제품/조립,
28235-2B740-B1,반제품,B1
28235-2B740-B2,반제품,B2
28235-2B740-K1,반제품,K1
28235-2B740-K2,반제품,K2
28235-2B740-R1,반제품,R1
28235-2B740-R2,반제품,R2
28235-2B740-T1,반제품,T1
28235-2B800,완제품/조립,
28235-2B800-2,완제품/조립,
28235-2B800-3,완제품/조립,
28235-2B800-B1,반제품,B1
28235-2B800-B2,반제품,B2
28235-2B800-K1,반제품,K1
28235-2B800-K2,반제품,K2
28235-2B800-R1,반제품,R1
28235-2B800-R2,반제품,R2
28235-2B800-T1,반제품,T1
28237-2B710,완제품/조립,
28237-2B720,완제품/조립,
28238-2B710,완제품/조립,
28238-2B720,완제품/조립,
28238-2B730,완제품/조립,
28239-2B740,완제품/조립,
28270-5C010,완제품/조립,
28270-5C010-G1,반제품,G1
28270-5C010-H1,반제품,H1
28270-5C010-R1,반제품,R1
28271-5C010,완제품/조립,
28271-5C010-B1,반제품,B1
28271-5C010-C1,반제품,C1
28271-5C010-C2,반제품,C2
28274-5C010,완제품/조립,
28275-5C010,완제품/조립,
28275-5C010-2,완제품/조립,
28275-5C010-G1,반제품,G1
28275-5C010-R1,반제품,R1
28276-5C010-B1,반제품,B1
28276-5C010-C1,반제품,C1
28276-5C010-C2,반제품,C2
28276-5C010-P1,반제품,P1
28278-5C010,완제품/조립,
28350-2M100,완제품/조립,
28350-2M110,완제품/조립,
28353-2M100-1,완제품/조립,
28353-2M100-2,완제품/조립,
28353-2M100-3,완제품/조립,
28353-2M100-4,완제품/조립,
28353-2M100-5,완제품/조립,
28353-2M100-B1,반제품,B1
28353-2M100-B2,반제품,B2
28353-2M100-R1,반제품,R1
28353-2M100-S1,반제품,S1
28353-2M110-R1,반제품,R1
28353-2M110-S1,반제품,S1
28458-52238,완제품/조립,
28458-52238-1,완제품/조립,
28458-52238-2,완제품/조립,
28458-52238-3,완제품/조립,
28458-52238-4,완제품/조립,
28458-52238-7,완제품/조립,
28458-52238-8,완제품/조립,
28458-52238-B1,반제품,B1
28458-52238-B3,반제품,B3
28458-52238-P1,반제품,P1
28458-52238-P2,반제품,P2
28458-52238-P3,반제품,P3
28458-52238-T1,반제품,T1
28470-2F900,완제품/조립,
28470-2F900-1,완제품/조립,
28470-2F900-2,완제품/조립,
28470-2F900-4,완제품/조립,
28470-2F900-5,완제품/조립,
28470-2F900-B1,반제품,B1
28470-2F900-T1,반제품,T1
28470-2FRAO,완제품/조립,
28470-2FRAO-1,완제품/조립,
28470-2FRAO-2,완제품/조립,
28470-2FRAO-3,완제품/조립,
28470-2FRAO-4,완제품/조립,
28470-2FRAO-B1,반제품,B1
28470-2FRAO-G1,반제품,G1
28470-2FRAO-P1,반제품,P1
28470-2FRAO-T1,반제품,T1
28470-3A600,완제품/조립,
28470-3A600-1,완제품/조립,
28470-3A600-2,완제품/조립,
28470-3A600-3,완제품/조립,
28470-3A600-B1,반제품,B1
28470-3A600-P1,반제품,P1
28470-3A600-T1,반제품,T1
28471-2F001,완제품/조립,
28475-3A600,완제품/조립,
28475-52236,완제품/조립,
28476-3A600,완제품/조립,
28486-3V000,완제품/조립,
28486-3V000-1,완제품/조립,
28486-3V000-2,완제품/조립,
28486-3V000-3,완제품/조립,
28486-3V000-B1,반제품,B1
28486-3V000-H1,반제품,H1
28486-3V000-P1,반제품,P1
28486-3V000-R1,반제품,R1
28486-3V000-S1,반제품,S1
28495-2F600,완제품/조립,
28495-2F600-1,완제품/조립,
28495-2F600-D1,반제품,D1
28495-2F600-T1,반제품,T1
28495-2FC00,완제품/조립,
28495-2FC00-1,완제품/조립,
28495-2FC00-2,완제품/조립,
28495-2FC00-B1,반제품,B1
28495-2FC00-P1,반제품,P1
28495-2FC00-T1,반제품,T1
28496-2F600,완제품/조립,
28496-2F600-1,완제품/조립,
28496-2F600-D1,반제품,D1
28496-2F600-T1,반제품,T1
28811-4A001,완제품/조립,
28820-4A001,완제품/조립,
28820-4A600,완제품/조립,
28820-4A600-1,완제품/조립,
28820-4A600-3,완제품/조립,
28820-4A600-4,완제품/조립,
28820-4A600-B1,반제품,B1
28820-4A600-P1,반제품,P1
28820-4A600-Q1,반제품,Q1
28820-4A600-T1,반제품,T1
28820-4A610,완제품/조립,
28820-4A610-T1,반제품,T1
28820-4A702,완제품/조립,
28820-4A702-1,완제품/조립,
28820-4A702-2,완제품/조립,
28820-4A702-5,완제품/조립,
28820-4A702-B1,반제품,B1
28820-4A702-B2,반제품,B2
28820-4A702-P1,반제품,P1
28820-4A702-P2,반제품,P2
28820-4A702-Q1,반제품,Q1
28820-4A702-T1,반제품,T1
28820-4A710,완제품/조립,
28820-4A710-1,완제품/조립,
28820-4A710-2,완제품/조립,
28820-4A710-6,완제품/조립,
28820-4A710-B1,반제품,B1
28820-4A710-B2,반제품,B2
28820-4A710-P1,반제품,P1
28820-4A710-P2,반제품,P2
28820-4A710-Q1,반제품,Q1
28820-4A710-T1,반제품,T1
28820-4A720,완제품/조립,
28820-4A720-1,완제품/조립,
28820-4A720-2,완제품/조립,
28820-4A720-3,완제품/조립,
28820-4A720-4,완제품/조립,
28820-4A720-B1,반제품,B1
28820-4A720-P1,반제품,P1
28820-4A720-P10,반제품,P10
28820-4A720-P2,반제품,P2
28820-4A720-Q1,반제품,Q1
28820-4A720-T1,반제품,T1
28820-4A731,완제품/조립,
28820-4A731-1,완제품/조립,
28820-4A731-2,완제품/조립,
28820-4A731-3,완제품/조립,
28820-4A731-5,완제품/조립,
28820-4A731-6,완제품/조립,
28820-4A731-B1,반제품,B1
28820-4A731-B2,반제품,B2
28820-4A731-P1,반제품,P1
28820-4A731-P2,반제품,P2
28820-4A731-P3,반제품,P3
28820-4A731-Q1,반제품,Q1
28820-4A731-T1,반제품,T1
28820-4A741,완제품/조립,
28820-4A741-Q1,반제품,Q1
28820-4A741-T1,반제품,T1
28820-4A801,완제품/조립,
28820-4A801-1,완제품/조립,
28820-4A801-Q1,반제품,Q1
28820-4A801-T1,반제품,T1
28820-4A810,완제품/조립,
28820-4A810-1,완제품/조립,
28820-4A810-2,완제품/조립,
28820-4A810-3,완제품/조립,
28820-4A810-4,완제품/조립,
28820-4A810-5,완제품/조립,
28820-4A810-7,완제품/조립,
28820-4A810-8,완제품/조립,
28820-4A810-9,완제품/조립,
28820-4A810-B1,반제품,B1
28820-4A810-B2,반제품,B2
28820-4A810-D1,반제품,D1
28820-4A810-P1,반제품,P1
28820-4A810-P2,반제품,P2
28820-4A810-Q1,반제품,Q1
28820-4A810-T1,반제품,T1
28820-4A851,완제품/조립,
28820-4A851-10,원자재/기타,
28820-4A851-11,원자재/기타,
28820-4A851-12,원자재/기타,
28820-4A851-13,원자재/기타,
28820-4A851-2,완제품/조립,
28820-4A851-3,완제품/조립,
28820-4A851-4,완제품/조립,
28820-4A851-5,완제품/조립,
28820-4A851-6,완제품/조립,
28820-4A851-B2,반제품,B2
28820-4A851-B3,반제품,B3
28820-4A851-B4,반제품,B4
28820-4A851-B5,반제품,B5
28820-4A851-P2,반제품,P2
28820-4A851-P3,반제품,P3
28820-4A851-P4,반제품,P4
28820-4A851-P5,반제품,P5
28820-4A851-T1,반제품,T1
28820-4A851-T2,반제품,T2
28820-4A910,완제품/조립,
28820-4A910-1,완제품/조립,
28820-4A910-2,완제품/조립,
28820-4A910-5,완제품/조립,
28820-4A910-B1,반제품,B1
28820-4A910-B2,반제품,B2
28820-4A910-P1,반제품,P1
28820-4A910-P2,반제품,P2
28820-4A910-Q1,반제품,Q1
28820-4A910-T1,반제품,T1
28820-4A920,완제품/조립,
28820-4A920-T1,반제품,T1
28820-4C001,완제품/조립,
28820-4C001-T1,반제품,T1
28820-4C101,완제품/조립,
28820-4C101-T1,반제품,T1
28820-4C200,완제품/조립,
28820-4C200-T1,반제품,T1
28821-4C001,완제품/조립,
288230-4A810-7,원자재/기타,
29730-52800,완제품/조립,
29730-52800-D1,반제품,D1
31045-M2XX0,완제품/조립,
31045-M2XX0-1,완제품/조립,
31045-M2XX0-B1,반제품,B1
31045-M2XX0-H1,반제품,H1
31045-M2XX0-P1,반제품,P1
31045-M2XX0-P2,반제품,P2
31303-84200,완제품/조립,
31303-84200-2,완제품/조립,
31303-84200-B1,반제품,B1
31303-84200-C1,반제품,C1
31303-84200-H1,반제품,H1
31303-84200-O1,반제품,O1
31303-84200-P1,반제품,P1
31303-84200-P2,반제품,P2
31303-84200-R1,반제품,R1
31303-84200-T1,반제품,T1
31303-84210,완제품/조립,
31303-84210-2,완제품/조립,
31303-84210-B1,반제품,B1
31303-84210-C1,반제품,C1
31303-84210-G1,반제품,G1
31303-84210-H1,반제품,H1
31303-84210-P1,반제품,P1
31303-84210-P2,반제품,P2
31303-84210-R1,반제품,R1
31381-3MX0A,완제품/조립,
31381-3MX0A-1,완제품/조립,
31381-3MX0A-D1,반제품,D1
31725-3JX9A-R1,반제품,R1
31728-3JX9A,완제품/조립,
31728-3JX9A-1,완제품/조립,
31728-3JX9A-2,완제품/조립,
31728-3JX9A-3,완제품/조립,
31728-3JX9A-B1,반제품,B1
31728-3JX9A-C1,반제품,C1
31728-3JX9A-G1,반제품,G1
31728-3JX9A-O1,반제품,O1
31728-3JX9A-R1,반제품,R1
31728-3JX9A-T1,반제품,T1
38114-52000,완제품/조립,
38114-52500,완제품/조립,
38131-48802,완제품/조립,
38131-48802-1,완제품/조립,
38131-48802-B1,반제품,B1
38131-48802-G1,반제품,G1
38131-48802-H1,반제품,H1
38131-48802-R1,반제품,R1
38131-84300,완제품/조립,
38131-84300-1,완제품/조립,
38131-84300-2,완제품/조립,
38131-84300-B1,반제품,B1
38131-84300-C1,반제품,C1
38131-84300-G1,반제품,G1
38131-84300-H1,반제품,H1
38131-84300-P1,반제품,P1
38131-84300-R1,반제품,R1
38131-84300-T1,반제품,T1
38134-84300,완제품/조립,
38135-84300,완제품/조립,
38215-84050,완제품/조립,
38322-50X0A,완제품/조립,
38322-50X0A-1,완제품/조립,
38322-50X0A-D1,반제품,D1
38600-52100,완제품/조립,
38600-52100-2,완제품/조립,
38600-52100-3,완제품/조립,
38600-52100-4,완제품/조립,
38600-52100-G1,반제품,G1
38600-52100-H1,반제품,H1
38600-52100-R1,반제품,R1
38600-52530,완제품/조립,
38600-52530-2,완제품/조립,
38600-52530-4,완제품/조립,
38600-52530-5,완제품/조립,
38600-52530-C1,반제품,C1
38600-52530-C2,반제품,C2
38600-52530-G1,반제품,G1
38600-52530-H1,반제품,H1
38600-52530-R1,반제품,R1
38600-52530-T1,반제품,T1
38600-525350,원자재/기타,
38600-5C000-1,완제품/조립,
38600-84301,완제품/조립,
38600-84301-1,완제품/조립,
38610-5700-5,원자재/기타,
38610-85700,완제품/조립,
38610-85700-1,완제품/조립,
38610-85700-2,완제품/조립,
38610-85700-3,완제품/조립,
38610-85700-4,완제품/조립,
38610-85700-5,완제품/조립,
38610-85700-G1,반제품,G1
38610-85700-H1,반제품,H1
38610-85700-R1,반제품,R1
38610-85800,완제품/조립,
38610-85800-3,완제품/조립,
38610-85800-G1,반제품,G1
38610-85800-H1,반제품,H1
38610-85800-R1,반제품,R1
39211-2B070,완제품/조립,
39211-2B075,완제품/조립,
39211-2B076,완제품/조립,
39416-2A603,완제품/조립,
39420-2FC00,완제품/조립,
39420-2FC00-1,완제품/조립,
39420-2FC00-2,완제품/조립,
39420-2FC00-3,완제품/조립,
39420-2FC00-4,완제품/조립,
39420-2FC00-B1,반제품,B1
39420-2FC00-P1,반제품,P1
39420-2FC00-T1,반제품,T1
39471-2A105,완제품/조립,
39471-2A851,완제품/조립,
39471-2A900,완제품/조립,
39471-2F000,완제품/조립,
39471-2F600,완제품/조립,
39472-2A240,완제품/조립,
39472-2F600,완제품/조립,
39480-2A120,완제품/조립,
39480-2A120-1,완제품/조립,
39480-2A120-2,완제품/조립,
39480-2A120-3,완제품/조립,
39480-2A120-4,완제품/조립,
39480-2A120-5,완제품/조립,
39480-2A120-6,완제품/조립,
39480-2A120-T1,반제품,T1
39480-2A150,완제품/조립,
39480-2A150-1,완제품/조립,
39480-2A150-2,완제품/조립,
39480-2A150-3,완제품/조립,
39480-2A150-4,완제품/조립,
39480-2A150-7,완제품/조립,
39480-2A150-8,완제품/조립,
39480-2A150-B1,반제품,B1
39480-2A150-B2,반제품,B2
39480-2A150-B3,반제품,B3
39480-2A150-T1,반제품,T1
39480-2A160,완제품/조립,
39480-2A160-7,완제품/조립,
39480-2A160-B3,반제품,B3
39480-2A160-T1,반제품,T1
39480-2A170,완제품/조립,
39480-2A170-T1,반제품,T1
39480-2A180,완제품/조립,
39480-2A180-1,완제품/조립,
39480-2A180-2,완제품/조립,
39480-2A180-T1,반제품,T1
45248-4C001,완제품/조립,
45248-4C001-1,완제품/조립,
45248-4C001-B1,반제품,B1
45248-4C001-D1,반제품,D1
45248-4C001-H1,반제품,H1
45248-4C001-P1,반제품,P1
45248-4C001-P2,반제품,P2
45264-02400,완제품/조립,
45264-02400-3,완제품/조립,
45264-02400-4,완제품/조립,
45264-02400-B1,반제품,B1
45264-02400-B2,반제품,B2
45264-02400-C1,반제품,C1
45264-02400-C2,반제품,C2
45264-02400-O1,반제품,O1
45264-02400-O2,반제품,O2
45264-02400-P1,반제품,P1
45264-02400-P2,반제품,P2
45264-02400-R1,반제품,R1
45264-02400-R2,반제품,R2
45264-02400-T1,반제품,T1
45264-02421,완제품/조립,
45264-02421-3,완제품/조립,
45264-02421-4,완제품/조립,
45264-02421-B1,반제품,B1
45264-02421-B2,반제품,B2
45264-02421-C1,반제품,C1
45264-02421-C2,반제품,C2
45264-02421-O1,반제품,O1
45264-02421-O2,반제품,O2
45264-02421-P1,반제품,P1
45264-02421-P2,반제품,P2
45264-02421-R1,반제품,R1
45264-02421-R2,반제품,R2
45264-02421-T1,반제품,T1
45264-02430,완제품/조립,
45264-02430-3,완제품/조립,
45264-02430-B1,반제품,B1
45264-02430-B2,반제품,B2
45264-02430-C1,반제품,C1
45264-02430-C2,반제품,C2
45264-02430-O1,반제품,O1
45264-02430-O2,반제품,O2
45264-02430-P1,반제품,P1
45264-02430-P2,반제품,P2
45264-02430-R1,반제품,R1
45264-02430-R2,반제품,R2
45264-02430-T1,반제품,T1
45264-02440,완제품/조립,
45264-02440-3,완제품/조립,
45264-02440-4,완제품/조립,
45264-02440-B1,반제품,B1
45264-02440-B2,반제품,B2
45264-02440-C1,반제품,C1
45264-02440-C2,반제품,C2
45264-02440-O1,반제품,O1
45264-02440-O2,반제품,O2
45264-02440-P1,반제품,P1
45264-02440-P2,반제품,P2
45264-02440-R1,반제품,R1
45264-02440-R2,반제품,R2
45264-02440-T1,반제품,T1
45264-23210,완제품/조립,
45264-23210-3,완제품/조립,
45264-23210-4,완제품/조립,
45264-23210-6,완제품/조립,
45264-23210-B1,반제품,B1
45264-23210-B2,반제품,B2
45264-23210-C1,반제품,C1
45264-23210-C2,반제품,C2
45264-23210-O1,반제품,O1
45264-23210-O2,반제품,O2
45264-23210-P1,반제품,P1
45264-23210-P2,반제품,P2
45264-23210-R1,반제품,R1
45264-23210-R2,반제품,R2
45264-23210-T1,반제품,T1
45264-23421,완제품/조립,
45264-23421-3,완제품/조립,
45264-23421-5,완제품/조립,
45264-23421-B1,반제품,B1
45264-23421-B2,반제품,B2
45264-23421-C1,반제품,C1
45264-23421-C2,반제품,C2
45264-23421-O1,반제품,O1
45264-23421-O2,반제품,O2
45264-23421-P1,반제품,P1
45264-23421-P2,반제품,P2
45264-23421-R1,반제품,R1
45264-23421-R2,반제품,R2
45264-23421-T1,반제품,T1
45264-23430,완제품/조립,
45264-23430-3,완제품/조립,
45264-23430-T1,반제품,T1
45264-23601,완제품/조립,
45264-23601-3,완제품/조립,
45264-23601-4,완제품/조립,
45264-23601-6,완제품/조립,
45264-23601-7,완제품/조립,
45264-23601-9,완제품/조립,
45264-23601-B1,반제품,B1
45264-23601-B2,반제품,B2
45264-23601-C1,반제품,C1
45264-23601-C2,반제품,C2
45264-23601-O1,반제품,O1
45264-23601-O2,반제품,O2
45264-23601-P1,반제품,P1
45264-23601-P2,반제품,P2
45264-23601-R1,반제품,R1
45264-23601-R2,반제품,R2
45264-23601-T1,반제품,T1
45264-23620,완제품/조립,
45264-23620-6,완제품/조립,
45264-23620-B1,반제품,B1
45264-23620-B2,반제품,B2
45264-23620-C1,반제품,C1
45264-23620-C2,반제품,C2
45264-23620-O1,반제품,O1
45264-23620-O2,반제품,O2
45264-23620-P1,반제품,P1
45264-23620-P2,반제품,P2
45264-23620-R1,반제품,R1
45264-23620-R2,반제품,R2
45264-23620-T1,반제품,T1
45264-23650,완제품/조립,
45264-23650-3,완제품/조립,
45264-23650-4,완제품/조립,
45264-23650-6,완제품/조립,
45264-23650-B1,반제품,B1
45264-23650-B2,반제품,B2
45264-23650-C1,반제품,C1
45264-23650-C2,반제품,C2
45264-23650-O1,반제품,O1
45264-23650-O2,반제품,O2
45264-23650-P1,반제품,P1
45264-23650-P2,반제품,P2
45264-23650-R1,반제품,R1
45264-23650-R2,반제품,R2
45264-23650-T1,반제품,T1
45264-23655,완제품/조립,
45264-23655-3,완제품/조립,
45264-23655-4,완제품/조립,
45264-23655-B1,반제품,B1
45264-23655-B2,반제품,B2
45264-23655-C1,반제품,C1
45264-23655-C2,반제품,C2
45264-23655-O1,반제품,O1
45264-23655-O2,반제품,O2
45264-23655-P1,반제품,P1
45264-23655-P2,반제품,P2
45264-23655-R1,반제품,R1
45264-23655-R2,반제품,R2
45264-23655-T1,반제품,T1
45264-23665,완제품/조립,
45264-23665-3,완제품/조립,
45264-23665-4,완제품/조립,
45264-23665-B1,반제품,B1
45264-23665-B2,반제품,B2
45264-23665-C1,반제품,C1
45264-23665-C2,반제품,C2
45264-23665-O1,반제품,O1
45264-23665-O2,반제품,O2
45264-23665-P1,반제품,P1
45264-23665-P2,반제품,P2
45264-23665-R1,반제품,R1
45264-23665-R2,반제품,R2
45264-23665-T1,반제품,T1
45264-3A560,완제품/조립,
45264-3B620,완제품/조립,
45264-3B620-3,완제품/조립,
45264-3B620-B1,반제품,B1
45264-3B620-B2,반제품,B2
45264-3B620-C1,반제품,C1
45264-3B620-C2,반제품,C2
45264-3B620-O1,반제품,O1
45264-3B620-O2,반제품,O2
45264-3B620-P1,반제품,P1
45264-3B620-P2,반제품,P2
45264-3B620-R1,반제품,R1
45264-3B620-R2,반제품,R2
45264-3B620-T1,반제품,T1
45264-3D000-4,완제품/조립,
45264-3D000-5,완제품/조립,
45264-3D000-6,완제품/조립,
45264-3D000-9,완제품/조립,
45264-3D600,완제품/조립,
45264-3D600-1,완제품/조립,
45264-3D600-2,완제품/조립,
45264-3D600-3,완제품/조립,
45264-3D600-B1,반제품,B1
45264-3D600-B2,반제품,B2
45264-3D600-B3,반제품,B3
45264-3D600-D1,반제품,D1
45264-3D600-O1,반제품,O1
45264-3D600-O2,반제품,O2
45264-3D600-O3,반제품,O3
45264-3D600-P1,반제품,P1
45264-3D600-P3,반제품,P3
45264-3D600-R1,반제품,R1
45264-3D600-R2,반제품,R2
45264-3D600-R3,반제품,R3
45264-3D600-T1,반제품,T1
45264-3D900,완제품/조립,
45264-3D900-1,완제품/조립,
45264-3D900-2,완제품/조립,
45264-3D900-3,완제품/조립,
45264-3D900-5,완제품/조립,
45264-3D900-B1,반제품,B1
45264-3D900-B2,반제품,B2
45264-3D900-O1,반제품,O1
45264-3D900-O2,반제품,O2
45264-3D900-P1,반제품,P1
45264-3D900-P2,반제품,P2
45264-3D900-R1,반제품,R1
45264-3D900-R2,반제품,R2
45264-3D900-T1,반제품,T1
45270-4E010,완제품/조립,
45270-4E010-1,완제품/조립,
45270-4E010-B1,반제품,B1
45270-4E010-D1,반제품,D1
45270-4E010-H1,반제품,H1
45270-4E010-P1,반제품,P1
45270-4E010-P2,반제품,P2
45270-4E020,완제품/조립,
45270-4E020-1,완제품/조립,
45270-4E020-B1,반제품,B1
45270-4E020-D1,반제품,D1
45270-4E020-H1,반제품,H1
45270-4E020-P1,반제품,P1
45270-4E020-P2,반제품,P2
45272-4G100,완제품/조립,
45272-4G100-1,완제품/조립,
45272-4G100-2,완제품/조립,
45272-4G100-B1,반제품,B1
45272-4G100-P1,반제품,P1
45272-4G100-R1,반제품,R1
45272-4G100-S1,반제품,S1
5228-15000,원자재/기타,
5430-52801-L1,원자재/기타,
58652-2W330,완제품/조립,
59138-S9380,완제품/조립,
59138-S9380-1,완제품/조립,
59138-S9380-H1,반제품,H1
59138-S9380-R1,반제품,R1
59138-S9380-S1,반제품,S1
59150-2W330,완제품/조립,
59150-2W330-H1,반제품,H1
59150-2W330-R1,반제품,R1
59150-2W330-S1,반제품,S1
59942-2W000,완제품/조립,
8458-52238-8,원자재/기타,
91931-F2120,완제품/조립,
91931-M6050,완제품/조립,
S25452-3A600,완제품/조립,
S25452-3A600-10,원자재/기타,
S25452-3A600-3,완제품/조립,
S25452-3A600-3-B1,원자재/기타,
S25452-3A600-3-P1,원자재/기타,
S25452-3A600-3-Q1,원자재/기타,
S25452-3A600-7,완제품/조립,
S25452-3A600-8,완제품/조립,
S25452-3A600-8-P2,원자재/기타,
S25452-3A600-B1,반제품,B1
S25452-3A600-H1,반제품,H1
S25452-3A600-P1,반제품,P1
S25452-3A600-P2,반제품,P2
S25452-3A600-Q1,반제품,Q1
S25452-3A600-T1,반제품,T1
S25452-3A640,완제품/조립,
S25452-3A640-H1,반제품,H1
S25452-3A640-T1,반제품,T1
STKM11A-0845-07,원자재/기타,
STKM11A-1045-07,원자재/기타,
STKM11A-1046-07,원자재/기타,
TSW-1046-07,원자재/기타,
