item,pno_group,pname,proc_code,seq,out_yn,src
28235-2B730-6,,,0,10,,라우팅_하헌
28235-2B740-2,,,0,10,,라우팅_하헌
28235-2B740-3,,,0,10,,라우팅_하헌
28235-2B730-1,,,0,10,,라우팅_하헌
39211-2B076,,,0,10,,라우팅_하헌
28235-2B710-10,,,0,10,,라우팅_하헌
28237-2B710,,,0,10,,라우팅_하헌
28238-2B730,,,0,10,,라우팅_하헌
28239-2B740,,,0,10,,라우팅_하헌
28235-2B740-K1,,,K10,10,,라우팅_하헌
28235-2B740-K2,,,K10,10,,라우팅_하헌
28235-2B740-R1,,,R10,10,,라우팅_하헌
28235-2B740-R2,,,R10,10,,라우팅_하헌
28235-2B740-B1,,,B10,10,,라우팅_하헌
28235-2B740-B2,,,B10,10,,라우팅_하헌
28235-2B740-T1,,,T10,10,,라우팅_하헌
28235-2B740-T1,,,L10,20,,라우팅_하헌
28235-2B740-T1,,,D10,30,,라우팅_하헌
28235-2B740-T1,,,L20,40,,라우팅_하헌
28235-2B740,,,J10,10,,라우팅_하헌
28235-2B730-6,,,0,10,,라우팅_하헌
28235-2B720-2,,,0,10,,라우팅_하헌
28235-2B720-3,,,0,10,,라우팅_하헌
28235-2B720-1,,,0,10,,라우팅_하헌
28237-2B720,,,0,10,,라우팅_하헌
28238-2B720,,,0,10,,라우팅_하헌
28235-2B720-K1,,,K10,10,,라우팅_하헌
28235-2B720-K2,,,K10,10,,라우팅_하헌
28235-2B720-R1,,,R10,10,,라우팅_하헌
28235-2B720-R2,,,R10,10,,라우팅_하헌
28235-27B10-B1,,,B10,10,,라우팅_하헌
28235-27B10-B2,,,B10,10,,라우팅_하헌
28235-2B720-T1,,,T10,10,,라우팅_하헌
28235-2B720-T1,,,D10,20,,라우팅_하헌
28235-2B720-T1,,,L10,30,,라우팅_하헌
28235-2B720,,,J10,10,,라우팅_하헌
28353-2M100-1,,,0,10,,라우팅_하헌
28353-2M100-2,,,0,10,,라우팅_하헌
28353-2M100-3,,,0,10,,라우팅_하헌
28353-2M100-4,,,0,10,,라우팅_하헌
28353-2M100-5,,,0,10,,라우팅_하헌
91931-M6050,,,0,10,,라우팅_하헌
26710-2M000,,,0,10,,라우팅_하헌
28353-2M100-B1,,,B10,10,,라우팅_하헌
28353-2M100-B2,,,B10,10,,라우팅_하헌
28353-2M100-S1,,,S10,10,,라우팅_하헌
28353-2M100-R1,,,R10,10,,라우팅_하헌
28353-2M100-R1,,,D10,20,,라우팅_하헌
28353-2M100-R1,,,L10,30,,라우팅_하헌
28350-2M100,,,J10,10,,라우팅_하헌
28353-2M100-1,,,0,10,,라우팅_하헌
28353-2M100-2,,,0,10,,라우팅_하헌
28353-2M100-3,,,0,10,,라우팅_하헌
28353-2M100-4,,,0,10,,라우팅_하헌
28353-2M100-5,,,0,10,,라우팅_하헌
91931-F2120,,,0,10,,라우팅_하헌
26710-2M000,,,0,10,,라우팅_하헌
28353-2M100-B1,,,B10,10,,라우팅_하헌
28353-2M100-B2,,,B10,10,,라우팅_하헌
28353-2M110-S1,,,S10,10,,라우팅_하헌
28353-2M110-R1,,,R10,10,,라우팅_하헌
28353-2M110-R1,,,D10,20,,라우팅_하헌
28353-2M110-R1,,,L10,30,,라우팅_하헌
28350-2M110,,,J10,10,,라우팅_하헌
31728-3JX9A-1,,,0,10,,라우팅_하헌
31728-3JX9A-2,,,0,10,,라우팅_하헌
31728-3JX9A-3,,,0,10,,라우팅_하헌
31728-3JX9A-O1,,,O10,10,,라우팅_하헌
31728-3JX9A-C1,,,C10,10,,라우팅_하헌
31728-3JX9A-G1,,,G10,10,,라우팅_하헌
31725-3JX9A-R1,,,R10,10,,라우팅_하헌
31728-3JX9A-B1,,,B10,10,,라우팅_하헌
31728-3JX9A,,,L10,10,,라우팅_하헌
28820-4A810-1,,,0,10,,라우팅_하헌
28820-4A810-2,,,0,10,,라우팅_하헌
28820-4A810-9,,,0,10,,라우팅_하헌
28820-4A810-3,,,0,10,,라우팅_하헌
28820-4A810-4,,,0,10,,라우팅_하헌
28820-4A810-5,,,0,10,,라우팅_하헌
28811-4A001,,,0,10,,라우팅_하헌
28820-4A810-7,,,0,10,,라우팅_하헌
28820-4A810-8,,,0,10,,라우팅_하헌
28820-4A810-T1,,,0,10,,라우팅_하헌
28820-4A810-D1,,,D10,10,,라우팅_하헌
28820-4A810-D1,,,L10,20,,라우팅_하헌
28820-4A810,,,J10,10,,라우팅_하헌
28235-2B730-6,,,0,10,,라우팅_하헌
28235-2B710-2,,,0,10,,라우팅_하헌
28235-2B710-3,,,0,10,,라우팅_하헌
28235-2B710-1,,,0,10,,라우팅_하헌
39211-2B070,,,0,10,,라우팅_하헌
28235-2B710-10,,,0,10,,라우팅_하헌
28237-2B710,,,0,10,,라우팅_하헌
28238-2B710,,,0,10,,라우팅_하헌
28235-2B710-K1,,,K10,10,,라우팅_하헌
28235-2B710-K2,,,K10,10,,라우팅_하헌
28235-2B710-R1,,,R10,10,,라우팅_하헌
28235-2B710-R2,,,R10,10,,라우팅_하헌
28235-27B10-B1,,,B10,10,,라우팅_하헌
28235-27B10-B2,,,B10,10,,라우팅_하헌
28235-2B710-T1,,,T10,10,,라우팅_하헌
28235-2B710-T1,,,D10,20,,라우팅_하헌
28235-2B710-T1,,,L10,30,,라우팅_하헌
28235-2B710,,,J10,10,,라우팅_하헌
28235-2B730-6,,,0,10,,라우팅_하헌
28235-2B730-2,,,0,10,,라우팅_하헌
28235-2B730-3,,,0,10,,라우팅_하헌
28235-2B730-1,,,0,10,,라우팅_하헌
39211-2B070,,,0,10,,라우팅_하헌
28235-2B710-10,,,0,10,,라우팅_하헌
28237-2B710,,,0,10,,라우팅_하헌
28238-2B710,,,0,10,,라우팅_하헌
28235-2B730-K1,,,K10,10,,라우팅_하헌
28235-2B730-K2,,,K10,10,,라우팅_하헌
28235-2B730-R1,,,R10,10,,라우팅_하헌
28235-2B730-R2,,,R10,10,,라우팅_하헌
28235-2B730-B1,,,B10,10,,라우팅_하헌
28235-2B730-B2,,,B10,10,,라우팅_하헌
28235-2B730-T1,,,T10,10,,라우팅_하헌
28235-2B730-T1,,,D10,20,,라우팅_하헌
28235-2B730-T1,,,L10,30,,라우팅_하헌
28235-2B730,,,J10,10,,라우팅_하헌
28235-2B730-6,,,0,10,,라우팅_하헌
28235-2B800-2,,,0,10,,라우팅_하헌
28235-2B800-3,,,0,10,,라우팅_하헌
28235-2B730-1,,,0,10,,라우팅_하헌
39211-2B075,,,0,10,,라우팅_하헌
28235-2B710-10,,,0,10,,라우팅_하헌
28237-2B710,,,0,10,,라우팅_하헌
28238-2B710,,,0,10,,라우팅_하헌
28235-2B800-K1,,,K10,10,,라우팅_하헌
28235-2B800-K2,,,K10,10,,라우팅_하헌
28235-2B800-R1,,,R10,10,,라우팅_하헌
28235-2B800-R2,,,R10,10,,라우팅_하헌
28235-2B800-B1,,,B10,10,,라우팅_하헌
28235-2B800-B2,,,B10,10,,라우팅_하헌
28235-2B800-T1,,,T10,10,,라우팅_하헌
28235-2B800-T1,,,D10,20,,라우팅_하헌
28235-2B800-T1,,,L10,30,,라우팅_하헌
28235-2B800,,,J10,10,,라우팅_하헌
39480-2A120-1,,,0,10,,라우팅_하헌
39480-2A120-2,,,0,10,,라우팅_하헌
39480-2A120-3,,,0,10,,라우팅_하헌
39480-2A120-4,,,0,10,,라우팅_하헌
39480-2A120-5,,,0,10,,라우팅_하헌
39480-2A120-6,,,0,10,,라우팅_하헌
39472-2A240,,,0,10,,라우팅_하헌
39471-2A105,,,0,10,,라우팅_하헌
39480-2A120-T1,,,L10,10,,라우팅_하헌
39480-2A120-T1,,,T10,20,,라우팅_하헌
39480-2A120-T1,,,D10,30,,라우팅_하헌
39480-2A120-T1,,,L10,40,,라우팅_하헌
39480-2A120,,,J10,10,,라우팅_하헌
39480-2A150-1,,,0,10,,라우팅_하헌
39480-2A150-2,,,0,10,,라우팅_하헌
39480-2A150-7,,,0,10,,라우팅_하헌
39480-2A150-3,,,0,10,,라우팅_하헌
39480-2A150-4,,,0,10,,라우팅_하헌
39480-2A150-8,,,0,10,,라우팅_하헌
39471-2A900,,,0,10,,라우팅_하헌
39480-2A150-B1,,,B10,10,,라우팅_하헌
39480-2A150-B2,,,B10,10,,라우팅_하헌
39480-2A150-B3,,,B10,10,,라우팅_하헌
39480-2A150-T1,,,L10,10,,라우팅_하헌
39480-2A150-T1,,,T10,20,,라우팅_하헌
39480-2A150-T1,,,D10,30,,라우팅_하헌
39480-2A150-T1,,,L10,40,,라우팅_하헌
39480-2A150,,,J10,10,,라우팅_하헌
39480-2A150-1,,,0,10,,라우팅_하헌
39480-2A150-2,,,0,10,,라우팅_하헌
39480-2A160-7,,,0,10,,라우팅_하헌
39480-2A150-3,,,0,10,,라우팅_하헌
39480-2A150-4,,,0,10,,라우팅_하헌
39480-2A150-8,,,0,10,,라우팅_하헌
39471-2A900,,,0,10,,라우팅_하헌
39471-2A851,,,0,10,,라우팅_하헌
39416-2A603,,,0,10,,라우팅_하헌
39480-2A150-B1,,,B10,10,,라우팅_하헌
39480-2A150-B2,,,B10,10,,라우팅_하헌
39480-2A160-B3,,,B10,10,,라우팅_하헌
39480-2A160-T1,,,L10,10,,라우팅_하헌
39480-2A160-T1,,,T10,20,,라우팅_하헌
39480-2A160-T1,,,D10,30,,라우팅_하헌
39480-2A160-T1,,,L10,40,,라우팅_하헌
39480-2A160,,,J10,10,,라우팅_하헌
39480-2A150-1,,,0,10,,라우팅_하헌
39480-2A160-7,,,0,10,,라우팅_하헌
39480-2A150-3,,,0,10,,라우팅_하헌
39480-2A150-4,,,0,10,,라우팅_하헌
39480-2A150-8,,,0,10,,라우팅_하헌
39471-2A851,,,0,10,,라우팅_하헌
39480-2A150-B1,,,B10,10,,라우팅_하헌
39480-2A160-B3,,,B10,10,,라우팅_하헌
39480-2A170-T1,,,L10,10,,라우팅_하헌
39480-2A170-T1,,,T10,20,,라우팅_하헌
39480-2A170-T1,,,D10,30,,라우팅_하헌
39480-2A170-T1,,,L10,40,,라우팅_하헌
39480-2A170,,,J10,10,,라우팅_하헌
39480-2A180-1,,,0,10,,라우팅_하헌
39480-2A180-2,,,0,10,,라우팅_하헌
39480-2A150-3,,,0,10,,라우팅_하헌
39480-2A150-4,,,0,10,,라우팅_하헌
39480-2A150-8,,,0,10,,라우팅_하헌
39480-2A180-T1,,,T10,10,,라우팅_하헌
39480-2A180,,,D10,10,,라우팅_하헌
28820-4A720-1,,,0,10,,라우팅_하헌
28820-4A720-2,,,0,10,,라우팅_하헌
28820-4A720-3,,,0,10,,라우팅_하헌
28820-4A720-4,,,0,10,,라우팅_하헌
28811-4A001,,,0,10,,라우팅_하헌
28820-4A810-7,,,0,10,,라우팅_하헌
28820-4A810-8,,,0,10,,라우팅_하헌
28820-4A720-P2,,,P10,10,,라우팅_하헌
28820-4A720-T1,,,T10,10,,라우팅_하헌
28820-4A720-T1,,,D10,20,,라우팅_하헌
28820-4A720-T1,,,L10,30,,라우팅_하헌
28820-4A720,,,J10,10,,라우팅_하헌
38322-50X0A-1,,,0,10,,라우팅_하헌
38322-50X0A,,,D10,10,,라우팅_하헌
31381-3MX0A-1,,,0,10,,라우팅_하헌
31381-3MX0A,,,D10,10,,라우팅_하헌
45272-4G100-1,,,0,10,,라우팅_하헌
45272-4G100-2,,,0,10,,라우팅_하헌
45272-4G100-P1,,,P10,10,,라우팅_하헌
45272-4G100-B1,,,B10,10,,라우팅_하헌
45272-4G100-S1,,,S10,10,,라우팅_하헌
45272-4G100,,,R10,10,,라우팅_하헌
45272-4G100-1,,,0,10,,라우팅_하헌
45272-4G100-2,,,0,10,,라우팅_하헌
45272-4G100-P1,,,P10,10,,라우팅_하헌
45272-4G100-B1,,,B10,10,,라우팅_하헌
45272-4G100-S1,,,S10,10,,라우팅_하헌
45272-4G100-R1,,,R10,10,,라우팅_하헌
45272-4G100,,,L10,10,,라우팅_하헌
45264-3D600-1,,,0,10,,라우팅_하헌
45264-3D600-2,,,0,10,,라우팅_하헌
45264-3D600-3,,,0,10,,라우팅_하헌
45264-3D000-6,,,0,10,,라우팅_하헌
45264-3D000-4,,,0,10,,라우팅_하헌
45264-3D000-5,,,0,10,,라우팅_하헌
45264-3D000-9,,,0,10,,라우팅_하헌
45264-3D600-P1,,,P10,10,,라우팅_하헌
45264-3D600-P3,,,P10,10,,라우팅_하헌
45264-3D600-O1,,,O10,10,,라우팅_하헌
45264-3D600-O2,,,O10,10,,라우팅_하헌
45264-3D600-O3,,,O10,10,,라우팅_하헌
45264-3D600-R1,,,R10,10,,라우팅_하헌
45264-3D600-R2,,,R10,10,,라우팅_하헌
45264-3D600-R3,,,R10,10,,라우팅_하헌
45264-3D600-B1,,,B10,10,,라우팅_하헌
45264-3D600-B2,,,B10,10,,라우팅_하헌
45264-3D600-B3,,,B10,10,,라우팅_하헌
45264-3D600-T1,,,T10,10,,라우팅_하헌
45264-3D600-D1,,,D10,20,,라우팅_하헌
45264-3D600-D1,,,L10,30,,라우팅_하헌
45264-3D600,,,J10,10,,라우팅_하헌
45264-3D900-1,,,0,10,,라우팅_하헌
45264-3D900-2,,,0,10,,라우팅_하헌
45264-3D900-3,,,0,10,,라우팅_하헌
45264-3D000-6,,,0,10,,라우팅_하헌
45264-3D900-5,,,0,10,,라우팅_하헌
45264-3D900-P1,,,P10,10,,라우팅_하헌
45264-3D900-P2,,,P10,10,,라우팅_하헌
45264-3D900-O1,,,O10,10,,라우팅_하헌
45264-3D900-O2,,,O10,10,,라우팅_하헌
45264-3D900-R1,,,R10,10,,라우팅_하헌
45264-3D900-R2,,,R10,10,,라우팅_하헌
45264-3D900-B1,,,B10,10,,라우팅_하헌
45264-3D900-B2,,,B10,10,,라우팅_하헌
45264-3D900-T1,,,T10,10,,라우팅_하헌
45264-3D900-T1,,,D10,20,,라우팅_하헌
45264-3D900-T1,,,L10,30,,라우팅_하헌
45264-3D900,,,J10,10,,라우팅_하헌
28470-2F900-1,,,0,10,,라우팅_하헌
28470-2F900-2,,,0,10,,라우팅_하헌
28471-2F001,,,0,10,,라우팅_하헌
28470-2F900-4,,,0,10,,라우팅_하헌
28470-2F900-5,,,0,10,,라우팅_하헌
28470-2F900-B1,,,B10,10,,라우팅_하헌
28470-2F900-T1,,,T10,10,,라우팅_하헌
28470-2F900-T1,,,D10,20,,라우팅_하헌
28470-2F900-T1,,,L10,30,,라우팅_하헌
28470-2F900,,,J10,10,,라우팅_하헌
28495-2F600-1,,,0,10,,라우팅_하헌
39471-2F000,,,0,10,,라우팅_하헌
39472-2F600,,,0,10,,라우팅_하헌
28495-2F600-T1,,,0,10,,라우팅_하헌
28495-2F600-D1,,,D10,10,,라우팅_하헌
28495-2F600-D1,,,L10,20,,라우팅_하헌
28495-2F600,,,J10,10,,라우팅_하헌
28496-2F600-1,,,0,10,,라우팅_하헌
39471-2F000,,,0,10,,라우팅_하헌
39472-2F600,,,0,10,,라우팅_하헌
28496-2F600-T1,,,0,10,,라우팅_하헌
28496-2F600-D1,,,D10,10,,라우팅_하헌
28496-2F600-D1,,,L10,10,,라우팅_하헌
28496-2F600,,,J10,10,,라우팅_하헌
STKM11A-0845-07,45264-23421,PIPE,0,10,,라우팅-나머지
45264-23421-C1,45264-23421,PIPE-1,C10,10,,라우팅-나머지
45264-23421-C2,45264-23421,PIPE-1,C10,10,,라우팅-나머지
45264-3A560,45264-23421,JOINT-EYE,0,10,,라우팅-나머지
45264-23421-3,45264-23421,BRKT-1,0,10,,라우팅-나머지
45264-23421-5,45264-23421,BRKT-2,0,10,,라우팅-나머지
45264-23601-9,45264-23421,HOSE-1,0,10,,라우팅-나머지
45264-23421-P1,45264-23421,PIPE-1,P10,10,,라우팅-나머지
45264-23421-P2,45264-23421,PIPE-1,P10,10,,라우팅-나머지
45264-23421-O1,45264-23421,PIPE ASSY-1,O10,10,,라우팅-나머지
45264-23421-O2,45264-23421,PIPE ASSY-2,O10,10,,라우팅-나머지
45264-23421-R1,45264-23421,PIPE ASSY-1,R10,10,,라우팅-나머지
45264-23421-R2,45264-23421,PIPE ASSY-2,R10,10,,라우팅-나머지
45264-23421-B1,45264-23421,PIPE ASSY-1,B10,10,,라우팅-나머지
45264-23421-B2,45264-23421,PIPE ASSY-2,B10,10,,라우팅-나머지
45264-23421-T1,45264-23421,TUBE PIPE,T10,10,,라우팅-나머지
45264-23421-T1,45264-23421,TUBE PIPE,D10,20,,라우팅-나머지
45264-23421-T1,45264-23421,TUBE PIPE,L10,30,,라우팅-나머지
45264-23421,45264-23421,TUBE ASSY-FEED,J10,10,,라우팅-나머지
STKM11A-0845-07,45264-23430,PIPE,0,10,,라우팅-나머지
45264-23421-C1,45264-23430,PIPE-1,C10,10,,라우팅-나머지
45264-23421-C2,45264-23430,PIPE-1,C10,10,,라우팅-나머지
45264-3A560,45264-23430,JOINT-EYE,0,10,,라우팅-나머지
45264-23430-3,45264-23430,BRKT-1,0,10,,라우팅-나머지
45264-23421-5,45264-23430,BRKT-2,0,10,,라우팅-나머지
45264-23601-9,45264-23430,HOSE-1,0,10,,라우팅-나머지
45264-23421-P1,45264-23430,PIPE-1,P10,10,,라우팅-나머지
45264-23421-P2,45264-23430,PIPE-1,P10,10,,라우팅-나머지
45264-23421-O1,45264-23430,PIPE ASSY-1,O10,10,,라우팅-나머지
45264-23421-O2,45264-23430,PIPE ASSY-2,O10,10,,라우팅-나머지
45264-23421-R1,45264-23430,PIPE ASSY-1,R10,10,,라우팅-나머지
45264-23421-R2,45264-23430,PIPE ASSY-2,R10,10,,라우팅-나머지
45264-23421-B1,45264-23430,PIPE ASSY-1,B10,10,,라우팅-나머지
45264-23421-B2,45264-23430,PIPE ASSY-2,B10,10,,라우팅-나머지
45264-23430-T1,45264-23430,TUBE PIPE,T10,10,,라우팅-나머지
45264-23430-T1,45264-23430,TUBE PIPE,D10,20,,라우팅-나머지
45264-23430-T1,45264-23430,TUBE PIPE,L10,30,,라우팅-나머지
45264-23430,45264-23430,TUBE ASSY-FEED,J10,10,,라우팅-나머지
STKM11A-0845-07,45264-23601,PIPE,0,10,,라우팅-나머지
45264-23601-C1,45264-23601,PIPE-1,C10,10,,라우팅-나머지
45264-23601-C2,45264-23601,PIPE-1,C10,10,,라우팅-나머지
45264-3A560,45264-23601,JOINT-EYE,0,10,,라우팅-나머지
45264-23601-3,45264-23601,BRKT-1,0,10,,라우팅-나머지
45264-23601-4,45264-23601,BRKT-2,0,10,,라우팅-나머지
45264-23601-9,45264-23601,HOSE-1,0,10,,라우팅-나머지
45264-23601-P1,45264-23601,PIPE-1,P10,10,,라우팅-나머지
45264-23601-P2,45264-23601,PIPE-1,P10,10,,라우팅-나머지
45264-23601-O1,45264-23601,PIPE ASSY-1,O10,10,,라우팅-나머지
45264-23601-O2,45264-23601,PIPE ASSY-2,O10,10,,라우팅-나머지
45264-23601-R1,45264-23601,PIPE ASSY-1,R10,10,,라우팅-나머지
45264-23601-R2,45264-23601,PIPE ASSY-2,R10,10,,라우팅-나머지
45264-23601-B1,45264-23601,PIPE ASSY-1,B10,10,,라우팅-나머지
45264-23601-B2,45264-23601,PIPE ASSY-2,B10,10,,라우팅-나머지
45264-23601-T1,45264-23601,TUBE PIPE,T10,10,,라우팅-나머지
45264-23601-T1,45264-23601,TUBE PIPE,D10,20,,라우팅-나머지
45264-23601-T1,45264-23601,TUBE PIPE,L10,30,,라우팅-나머지
45264-23601,45264-23601,TUBE ASSY-FEED,J10,10,,라우팅-나머지
STKM11A-0845-07,45264-23620,PIPE,0,10,,라우팅-나머지
45264-23620-C1,45264-23620,PIPE-1,C10,10,,라우팅-나머지
45264-23620-C2,45264-23620,PIPE-1,C10,10,,라우팅-나머지
45264-3A560,45264-23620,JOINT-EYE,0,10,,라우팅-나머지
45264-23601-3,45264-23620,BRKT-1,0,10,,라우팅-나머지
45264-23601-4,45264-23620,BRKT-2,0,10,,라우팅-나머지
45264-23620-6,45264-23620,BRKT-3,0,10,,라우팅-나머지
45264-23601-9,45264-23620,HOSE-1,0,10,,라우팅-나머지
45264-23620-P1,45264-23620,PIPE-1,P10,10,,라우팅-나머지
45264-23620-P2,45264-23620,PIPE-1,P10,10,,라우팅-나머지
45264-23620-O1,45264-23620,PIPE ASSY-1,O10,10,,라우팅-나머지
45264-23620-O2,45264-23620,PIPE ASSY-2,O10,10,,라우팅-나머지
45264-23620-R1,45264-23620,PIPE ASSY-1,R10,10,,라우팅-나머지
45264-23620-R2,45264-23620,PIPE ASSY-2,R10,10,,라우팅-나머지
45264-23620-B1,45264-23620,PIPE ASSY-1,B10,10,,라우팅-나머지
45264-23620-B2,45264-23620,PIPE ASSY-2,B10,10,,라우팅-나머지
45264-23620-T1,45264-23620,TUBE PIPE,T10,10,,라우팅-나머지
45264-23620-T1,45264-23620,TUBE PIPE,D10,20,,라우팅-나머지
45264-23620-T1,45264-23620,TUBE PIPE,L10,30,,라우팅-나머지
45264-23620,45264-23620,TUBE ASSY-FEED,J10,10,,라우팅-나머지
STKM11A-0845-07,45264-23650,PIPE,0,10,,라우팅-나머지
45264-23650-C1,45264-23650,PIPE-1,C10,10,,라우팅-나머지
45264-23650-C2,45264-23650,PIPE-1,C10,10,,라우팅-나머지
45264-3A560,45264-23650,JOINT-EYE,0,10,,라우팅-나머지
45264-23650-3,45264-23650,BRKT-1,0,10,,라우팅-나머지
45264-23650-4,45264-23650,BRKT-2,0,10,,라우팅-나머지
45264-23650-6,45264-23650,BRKT-3,0,10,,라우팅-나머지
45264-23601-9,45264-23650,HOSE-1,0,10,,라우팅-나머지
45264-23650-P1,45264-23650,PIPE-1,P10,10,,라우팅-나머지
45264-23650-P2,45264-23650,PIPE-1,P10,10,,라우팅-나머지
45264-23650-O1,45264-23650,PIPE ASSY-1,O10,10,,라우팅-나머지
45264-23650-O2,45264-23650,PIPE ASSY-2,O10,10,,라우팅-나머지
45264-23650-R1,45264-23650,PIPE ASSY-1,R10,10,,라우팅-나머지
45264-23650-R2,45264-23650,PIPE ASSY-2,R10,10,,라우팅-나머지
45264-23650-B1,45264-23650,PIPE ASSY-1,B10,10,,라우팅-나머지
45264-23650-B2,45264-23650,PIPE ASSY-2,B10,10,,라우팅-나머지
45264-23650-T1,45264-23650,TUBE PIPE,T10,10,,라우팅-나머지
45264-23650-T1,45264-23650,TUBE PIPE,D10,20,,라우팅-나머지
45264-23650-T1,45264-23650,TUBE PIPE,L10,30,,라우팅-나머지
45264-23650,45264-23650,TUBE ASSY-FEED,J10,10,,라우팅-나머지
STKM11A-0845-07,45264-23665,PIPE,0,10,,라우팅-나머지
45264-23665-C1,45264-23665,PIPE-1,C10,10,,라우팅-나머지
45264-23665-C2,45264-23665,PIPE-1,C10,10,,라우팅-나머지
45264-3A560,45264-23665,JOINT-EYE,0,10,,라우팅-나머지
45264-23665-3,45264-23665,BRKT-1,0,10,,라우팅-나머지
45264-23665-4,45264-23665,BRKT-2,0,10,,라우팅-나머지
45264-23650-6,45264-23665,BRKT-3,0,10,,라우팅-나머지
45264-23601-9,45264-23665,HOSE-1,0,10,,라우팅-나머지
45264-23665-P1,45264-23665,PIPE-1,P10,10,,라우팅-나머지
45264-23665-P2,45264-23665,PIPE-1,P10,10,,라우팅-나머지
45264-23665-O1,45264-23665,PIPE ASSY-1,O10,10,,라우팅-나머지
45264-23665-O2,45264-23665,PIPE ASSY-2,O10,10,,라우팅-나머지
45264-23665-R1,45264-23665,PIPE ASSY-1,R10,10,,라우팅-나머지
45264-23665-R2,45264-23665,PIPE ASSY-2,R10,10,,라우팅-나머지
45264-23665-B1,45264-23665,PIPE ASSY-1,B10,10,,라우팅-나머지
45264-23665-B2,45264-23665,PIPE ASSY-2,B10,10,,라우팅-나머지
45264-23665-T1,45264-23665,TUBE PIPE,T10,10,,라우팅-나머지
45264-23665-T1,45264-23665,TUBE PIPE,D10,20,,라우팅-나머지
45264-23665-T1,45264-23665,TUBE PIPE,L10,30,,라우팅-나머지
45264-23665,45264-23665,TUBE ASSY-FEED,J10,10,,라우팅-나머지
STKM11A-0845-07,45264-02440,PIPE,0,10,,라우팅-나머지
45264-02440-C1,45264-02440,PIPE-1,C10,10,,라우팅-나머지
45264-02440-C2,45264-02440,PIPE-1,C10,10,,라우팅-나머지
45264-3A560,45264-02440,JOINT-EYE,0,10,,라우팅-나머지
45264-02440-3,45264-02440,BRKT-1,0,10,,라우팅-나머지
45264-02440-4,45264-02440,BRKT-2,0,10,,라우팅-나머지
45264-23601-9,45264-02440,HOSE-1,0,10,,라우팅-나머지
45264-02440-P1,45264-02440,PIPE-1,P10,10,,라우팅-나머지
45264-02440-P2,45264-02440,PIPE-1,P10,10,,라우팅-나머지
45264-02440-O1,45264-02440,PIPE ASSY-1,O10,10,,라우팅-나머지
45264-02440-O2,45264-02440,PIPE ASSY-2,O10,10,,라우팅-나머지
45264-02440-R1,45264-02440,PIPE ASSY-1,R10,10,,라우팅-나머지
45264-02440-R2,45264-02440,PIPE ASSY-2,R10,10,,라우팅-나머지
45264-02440-B1,45264-02440,PIPE ASSY-1,B10,10,,라우팅-나머지
45264-02440-B2,45264-02440,PIPE ASSY-2,B10,10,,라우팅-나머지
45264-02440-T1,45264-02440,TUBE PIPE,T10,10,,라우팅-나머지
45264-02440-T1,45264-02440,TUBE PIPE,D10,20,,라우팅-나머지
45264-02440-T1,45264-02440,TUBE PIPE,L10,30,,라우팅-나머지
45264-02440,45264-02440,TUBE ASSY-FEED,J10,10,,라우팅-나머지
STKM11A-0845-07,45264-02400,PIPE,0,10,,라우팅-나머지
45264-02400-C1,45264-02400,PIPE-1,C10,10,,라우팅-나머지
45264-02400-C2,45264-02400,PIPE-1,C10,10,,라우팅-나머지
45264-3A560,45264-02400,JOINT-EYE,0,10,,라우팅-나머지
45264-02400-3,45264-02400,BRKT-1,0,10,,라우팅-나머지
45264-02400-4,45264-02400,BRKT-2,0,10,,라우팅-나머지
45264-23601-9,45264-02400,HOSE-1,0,10,,라우팅-나머지
45264-02400-P1,45264-02400,PIPE-1,P10,10,,라우팅-나머지
45264-02400-P2,45264-02400,PIPE-1,P10,10,,라우팅-나머지
45264-02400-O1,45264-02400,PIPE ASSY-1,O10,10,,라우팅-나머지
45264-02400-O2,45264-02400,PIPE ASSY-2,O10,10,,라우팅-나머지
45264-02400-R1,45264-02400,PIPE ASSY-1,R10,10,,라우팅-나머지
45264-02400-R2,45264-02400,PIPE ASSY-2,R10,10,,라우팅-나머지
45264-02400-B1,45264-02400,PIPE ASSY-1,B10,10,,라우팅-나머지
45264-02400-B2,45264-02400,PIPE ASSY-2,B10,10,,라우팅-나머지
45264-02400-T1,45264-02400,TUBE PIPE,T10,10,,라우팅-나머지
45264-02400-T1,45264-02400,TUBE PIPE,D10,20,,라우팅-나머지
45264-02400-T1,45264-02400,TUBE PIPE,L10,30,,라우팅-나머지
45264-02400,45264-02400,TUBE ASSY-FEED,J10,10,,라우팅-나머지
STKM11A-0845-07,45264-23210,PIPE,0,10,,라우팅-나머지
45264-23210-C1,45264-23210,PIPE-1,C10,10,,라우팅-나머지
45264-23210-C2,45264-23210,PIPE-1,C10,10,,라우팅-나머지
45264-3A560,45264-23210,JOINT-EYE,0,10,,라우팅-나머지
45264-23210-3,45264-23210,BRKT-1,0,10,,라우팅-나머지
45264-23210-4,45264-23210,BRKT-2,0,10,,라우팅-나머지
45264-23210-6,45264-23210,BRKT-3,0,10,,라우팅-나머지
45264-23601-9,45264-23210,HOSE-1,0,10,,라우팅-나머지
45264-23210-P1,45264-23210,PIPE-1,P10,10,,라우팅-나머지
45264-23210-P2,45264-23210,PIPE-1,P10,10,,라우팅-나머지
45264-23210-O1,45264-23210,PIPE ASSY-1,O10,10,,라우팅-나머지
45264-23210-O2,45264-23210,PIPE ASSY-2,O10,10,,라우팅-나머지
45264-23210-R1,45264-23210,PIPE ASSY-1,R10,10,,라우팅-나머지
45264-23210-R2,45264-23210,PIPE ASSY-2,R10,10,,라우팅-나머지
45264-23210-B1,45264-23210,PIPE ASSY-1,B10,10,,라우팅-나머지
45264-23210-B2,45264-23210,PIPE ASSY-2,B10,10,,라우팅-나머지
45264-23210-T1,45264-23210,TUBE PIPE,T10,10,,라우팅-나머지
45264-23210-T1,45264-23210,TUBE PIPE,D10,20,,라우팅-나머지
45264-23210-T1,45264-23210,TUBE PIPE,L10,30,,라우팅-나머지
45264-23210,45264-23210,TUBE ASSY-FEED,J10,10,,라우팅-나머지
STKM11A-0845-07,45264-02421,PIPE,0,10,,라우팅-나머지
45264-02421-C1,45264-02421,PIPE-1,C10,10,,라우팅-나머지
45264-02421-C2,45264-02421,PIPE-1,C10,10,,라우팅-나머지
45264-3A560,45264-02421,JOINT-EYE,0,10,,라우팅-나머지
45264-02421-3,45264-02421,BRKT-1,0,10,,라우팅-나머지
45264-23601-9,45264-02421,HOSE-1,0,10,,라우팅-나머지
45264-02421-P1,45264-02421,PIPE-1,P10,10,,라우팅-나머지
45264-02421-P2,45264-02421,PIPE-1,P10,10,,라우팅-나머지
45264-02421-O1,45264-02421,PIPE ASSY-1,O10,10,,라우팅-나머지
45264-02421-O2,45264-02421,PIPE ASSY-2,O10,10,,라우팅-나머지
45264-02421-R1,45264-02421,PIPE ASSY-1,R10,10,,라우팅-나머지
45264-02421-R2,45264-02421,PIPE ASSY-2,R10,10,,라우팅-나머지
45264-02421-B1,45264-02421,PIPE ASSY-1,B10,10,,라우팅-나머지
45264-02421-B2,45264-02421,PIPE ASSY-2,B10,10,,라우팅-나머지
45264-02421-T1,45264-02421,TUBE PIPE,T10,10,,라우팅-나머지
45264-02421-T1,45264-02421,TUBE PIPE,D10,20,,라우팅-나머지
45264-02421-T1,45264-02421,TUBE PIPE,L10,30,,라우팅-나머지
45264-02421,45264-02421,TUBE ASSY-FEED,J10,10,,라우팅-나머지
STKM11A-0845-07,45264-02430,PIPE,0,10,,라우팅-나머지
45264-02430-C1,45264-02430,PIPE-1,C10,10,,라우팅-나머지
45264-02430-C2,45264-02430,PIPE-1,C10,10,,라우팅-나머지
45264-3A560,45264-02430,JOINT-EYE,0,10,,라우팅-나머지
45264-02430-3,45264-02430,BRKT-1,0,10,,라우팅-나머지
45264-23601-9,45264-02430,HOSE-1,0,10,,라우팅-나머지
45264-02430-P1,45264-02430,PIPE-1,P10,10,,라우팅-나머지
45264-02430-P2,45264-02430,PIPE-1,P10,10,,라우팅-나머지
45264-02430-O1,45264-02430,PIPE ASSY-1,O10,10,,라우팅-나머지
45264-02430-O2,45264-02430,PIPE ASSY-2,O10,10,,라우팅-나머지
45264-02430-R1,45264-02430,PIPE ASSY-1,R10,10,,라우팅-나머지
45264-02430-R2,45264-02430,PIPE ASSY-2,R10,10,,라우팅-나머지
45264-02430-B1,45264-02430,PIPE ASSY-1,B10,10,,라우팅-나머지
45264-02430-B2,45264-02430,PIPE ASSY-2,B10,10,,라우팅-나머지
45264-02430-T1,45264-02430,TUBE PIPE,T10,10,,라우팅-나머지
45264-02430-T1,45264-02430,TUBE PIPE,D10,20,,라우팅-나머지
45264-02430-T1,45264-02430,TUBE PIPE,L10,30,,라우팅-나머지
45264-02430,45264-02430,TUBE ASSY-FEED,J10,10,,라우팅-나머지
STKM11A-1045-07,45264-3B620,PIPE,0,10,,라우팅-나머지
45264-3B620-C1,45264-3B620,PIPE-1,C10,10,,라우팅-나머지
45264-3B620-C2,45264-3B620,PIPE-1,C10,10,,라우팅-나머지
45264-3D000-6,45264-3B620,JOINT-EYE,0,10,,라우팅-나머지
45264-3B620-3,45264-3B620,BRKT-1,0,10,,라우팅-나머지
45264-3D000-9,45264-3B620,HOSE-1,0,10,,라우팅-나머지
45264-3B620-P1,45264-3B620,PIPE-1,P10,10,,라우팅-나머지
45264-3B620-P2,45264-3B620,PIPE-1,P10,10,,라우팅-나머지
45264-3B620-O1,45264-3B620,PIPE ASSY-1,O10,10,,라우팅-나머지
45264-3B620-O2,45264-3B620,PIPE ASSY-2,O10,10,,라우팅-나머지
45264-3B620-R1,45264-3B620,PIPE ASSY-1,R10,10,,라우팅-나머지
45264-3B620-R2,45264-3B620,PIPE ASSY-2,R10,10,,라우팅-나머지
45264-3B620-B1,45264-3B620,PIPE ASSY-1,B10,10,,라우팅-나머지
45264-3B620-B2,45264-3B620,PIPE ASSY-2,B10,10,,라우팅-나머지
45264-3B620-T1,45264-3B620,TUBE PIPE,T10,10,,라우팅-나머지
45264-3B620-T1,45264-3B620,TUBE PIPE,D10,20,,라우팅-나머지
45264-3B620-T1,45264-3B620,TUBE PIPE,L10,30,,라우팅-나머지
45264-3B620,45264-3B620,TUBE ASSY-FEED,J10,10,,라우팅-나머지
25076-43300-1,25076-43300,PIPE-1,0,10,,라우팅-나머지
25076-43300-P1,25076-43300,PIPE BREATHER,P10,10,,라우팅-나머지
25076-43300-P2,25076-43300,PIPE BREATHER,P20,10,,라우팅-나머지
25076-43300-B1,25076-43300,PIPE BREATHER,B10,10,,라우팅-나머지
25076-43300-D1,25076-43300,PIPE BREATHER,D10,10,,라우팅-나머지
25076-43300,25076-43300,PIPE BREATHER,H10,10,,라우팅-나머지
45248-4C001-1,45248-4C001,PIPE-1,0,10,,라우팅-나머지
45248-4C001-P1,45248-4C001,PIPE BREATHER,P10,10,,라우팅-나머지
45248-4C001-P1,45248-4C001,PIPE BREATHER,P20,10,,라우팅-나머지
45248-4C001-B1,45248-4C001,PIPE BREATHER,B10,10,,라우팅-나머지
45248-4C001-D1,45248-4C001,PIPE BREATHER,D10,10,,라우팅-나머지
45248-4C001,45248-4C001,PIPE BREATHER,H10,10,,라우팅-나머지
45270-4E010-1,45270-4E010,PIPE-1,0,10,,라우팅-나머지
45270-4E010-P1,45270-4E010,PIPE BREATHER,P10,10,,라우팅-나머지
45270-4E010-P1,45270-4E010,PIPE BREATHER,P20,10,,라우팅-나머지
45270-4E010-B1,45270-4E010,PIPE BREATHER,B10,10,,라우팅-나머지
45270-4E010-D1,45270-4E010,PIPE BREATHER,D10,10,,라우팅-나머지
45270-4E010,45270-4E010,PIPE BREATHER,H10,10,,라우팅-나머지
45270-4E020-1,45270-4E020,PIPE-1,0,10,,라우팅-나머지
45270-4E020-P1,45270-4E020,PIPE BREATHER,P10,10,,라우팅-나머지
45270-4E020-P1,45270-4E020,PIPE BREATHER,P20,10,,라우팅-나머지
45270-4E020-B1,45270-4E020,PIPE BREATHER,B10,10,,라우팅-나머지
45270-4E020-D1,45270-4E020,PIPE BREATHER,D10,10,,라우팅-나머지
45270-4E020,45270-4E020,PIPE BREATHER,H10,10,,라우팅-나머지
31045-M2XX0,31045-M2XX0,PIPE-1,0,10,,라우팅-나머지
31045-M2XX0-P1,31045-M2XX0,RECIRCULATION PIPE,P10,10,,라우팅-나머지
31045-M2XX0-P1,31045-M2XX0,RECIRCULATION PIPE,P20,10,,라우팅-나머지
31045-M2XX0-B1,31045-M2XX0,RECIRCULATION PIPE,B10,10,,라우팅-나머지
31045-M2XX0,31045-M2XX0,RECIRCULATION PIPE,H10,10,,라우팅-나머지
28820-4A600-1,28820-4A600,PIPE-1,0,10,,라우팅-나머지
28820-4A720-2,28820-4A600,PIPE-2,0,10,,라우팅-나머지
28820-4A600-3,28820-4A600,BRKT-1,0,10,,라우팅-나머지
28820-4A600-4,28820-4A600,BRKT-2,0,10,,라우팅-나머지
28811-4A001,28820-4A600,HOSE-1,0,10,,라우팅-나머지
28820-4A810-7,28820-4A600,CAP-1,0,10,,라우팅-나머지
28820-4A810-8,28820-4A600,CAP-2,0,10,,라우팅-나머지
28820-4A600-P1,28820-4A600,PIPE-1,P10,10,,라우팅-나머지
28820-4A720-P2,28820-4A600,PIPE-2,P10,10,,라우팅-나머지
28820-4A600-B1,28820-4A600,PIPE-1,B10,10,,라우팅-나머지
28820-4A600-Q1,28820-4A600,PIPE-1,Q10,10,,라우팅-나머지
28820-4A600-T1,28820-4A600,PIPE ASSY,T10,10,,라우팅-나머지
28820-4A600-T1,28820-4A600,PIPE ASSY,D10,20,,라우팅-나머지
28820-4A600-T1,28820-4A600,PIPE ASSY,L10,30,,라우팅-나머지
28820-4A600,28820-4A600,PIPE ASSY VACUUM,J10,10,,라우팅-나머지
28820-4A600-1,28820-4A610,PIPE-1,0,10,,라우팅-나머지
28820-4A600-3,28820-4A610,BRKT-1,0,10,,라우팅-나머지
28820-4A600-4,28820-4A610,BRKT-2,0,10,,라우팅-나머지
28811-4A001,28820-4A610,HOSE-1,0,10,,라우팅-나머지
288230-4A810-7,28820-4A610,CAP-1,0,10,,라우팅-나머지
28820-4A600-P1,28820-4A610,PIPE-1,P10,10,,라우팅-나머지
28820-4A600-B1,28820-4A610,PIPE-1,B10,10,,라우팅-나머지
28820-4A610-T1,28820-4A610,PIPE ASSY,T10,10,,라우팅-나머지
28820-4A610-T1,28820-4A610,PIPE ASSY,D10,20,,라우팅-나머지
28820-4A610-T1,28820-4A610,PIPE ASSY,L10,30,,라우팅-나머지
28820-4A610,28820-4A610,PIPE ASSY VACUUM,J10,10,,라우팅-나머지
28820-4A702-1,28820-4A702,PIPE-1,0,10,,라우팅-나머지
28820-4A702-2,28820-4A702,PIPE-2,0,10,,라우팅-나머지
28820-4A600-3,28820-4A702,BRKT-1,0,10,,라우팅-나머지
28820-4A600-4,28820-4A702,BRKT-2,0,10,,라우팅-나머지
28820-4A702-5,28820-4A702,BRKT-3,0,10,,라우팅-나머지
28811-4A001,28820-4A702,HOSE-1,0,10,,라우팅-나머지
28820-4A810-7,28820-4A702,CAP-1,0,10,,라우팅-나머지
28820-4A810-8,28820-4A702,CAP-2,0,10,,라우팅-나머지
28820-4A702-P1,28820-4A702,PIPE-1,P10,10,,라우팅-나머지
28820-4A702-P2,28820-4A702,PIPE-2,P10,10,,라우팅-나머지
28820-4A702-B1,28820-4A702,PIPE-1,B10,10,,라우팅-나머지
28820-4A702-B2,28820-4A702,PIPE-2,B10,10,,라우팅-나머지
28820-4A702-Q1,28820-4A702,PIPE-1,Q10,10,,라우팅-나머지
28820-4A702-T1,28820-4A702,PIPE ASSY,T10,10,,라우팅-나머지
28820-4A702-T1,28820-4A702,PIPE ASSY,D10,20,,라우팅-나머지
28820-4A702-T1,28820-4A702,PIPE ASSY,L10,30,,라우팅-나머지
28820-4A702,28820-4A702,PIPE ASSY VACUUM,J10,10,,라우팅-나머지
28820-4A720-1,28820-4A710,PIPE-1,0,10,,라우팅-나머지
28820-4A710-2,28820-4A710,PIPE-2,0,10,,라우팅-나머지
28820-4A720-2,28820-4A710,PIPE-3,0,10,,라우팅-나머지
28820-4A600-3,28820-4A710,BRKT-1,0,10,,라우팅-나머지
28820-4A600-4,28820-4A710,BRKT-2,0,10,,라우팅-나머지
28820-4A710-6,28820-4A710,BRKT-3,0,10,,라우팅-나머지
28811-4A001,28820-4A710,HOSE-1,0,10,,라우팅-나머지
28820-4A810-7,28820-4A710,CAP-1,0,10,,라우팅-나머지
28820-4A810-8,28820-4A710,CAP-2,0,10,,라우팅-나머지
28820-4A720-P1,28820-4A710,PIPE-1,P10,10,,라우팅-나머지
28820-4A710-P1,28820-4A710,PIPE-2,P10,10,,라우팅-나머지
28820-4A720-P2,28820-4A710,PIPE-3,P10,10,,라우팅-나머지
28820-4A720-B1,28820-4A710,PIPE-1,B10,10,,라우팅-나머지
28820-4A710-B1,28820-4A710,PIPE-2,B10,10,,라우팅-나머지
28820-4A720-Q1,28820-4A710,PIPE-1,Q10,10,,라우팅-나머지
28820-4A710-T1,28820-4A710,PIPE ASSY,T10,10,,라우팅-나머지
28820-4A710-T1,28820-4A710,PIPE ASSY,D10,20,,라우팅-나머지
28820-4A710-T1,28820-4A710,PIPE ASSY,L10,30,,라우팅-나머지
28820-4A710,28820-4A710,PIPE ASSY VACUUM,J10,10,,라우팅-나머지
28820-4A731-1,28820-4A731,PIPE-1,0,10,,라우팅-나머지
28820-4A731-2,28820-4A731,PIPE-2,0,10,,라우팅-나머지
28820-4A731-3,28820-4A731,PIPE-3,0,10,,라우팅-나머지
28820-4A600-3,28820-4A731,BRKT-1,0,10,,라우팅-나머지
28820-4A731-5,28820-4A731,BRKT-2,0,10,,라우팅-나머지
28820-4A731-6,28820-4A731,BRKT-3,0,10,,라우팅-나머지
28811-4A001,28820-4A731,HOSE-1,0,10,,라우팅-나머지
28820-4A810-7,28820-4A731,CAP-1,0,10,,라우팅-나머지
28820-4A810-8,28820-4A731,CAP-2,0,10,,라우팅-나머지
28820-4A731-P1,28820-4A731,PIPE-1,P10,10,,라우팅-나머지
28820-4A731-P2,28820-4A731,PIPE-2,P10,10,,라우팅-나머지
28820-4A731-P3,28820-4A731,PIPE-3,P10,10,,라우팅-나머지
28820-4A731-Q1,28820-4A731,PIPE-1,Q10,10,,라우팅-나머지
28820-4A731-B1,28820-4A731,PIPE-1,B10,10,,라우팅-나머지
28820-4A731-B2,28820-4A731,PIPE-2,B10,10,,라우팅-나머지
28820-4A731-T1,28820-4A731,PIPE ASSY,T10,10,,라우팅-나머지
28820-4A731-T1,28820-4A731,PIPE ASSY,D10,20,,라우팅-나머지
28820-4A731-T1,28820-4A731,PIPE ASSY,L10,30,,라우팅-나머지
28820-4A731,28820-4A731,PIPE ASSY VACUUM,J10,10,,라우팅-나머지
28820-4A731-1,28820-4A741,PIPE-1,0,10,,라우팅-나머지
28820-4A731-2,28820-4A741,PIPE-2,0,10,,라우팅-나머지
28820-4A600-3,28820-4A741,BRKT-1,0,10,,라우팅-나머지
28820-4A731-5,28820-4A741,BRKT-2,0,10,,라우팅-나머지
28820-4A731-6,28820-4A741,BRKT-3,0,10,,라우팅-나머지
28811-4A001,28820-4A741,HOSE-1,0,10,,라우팅-나머지
28820-4A810-7,28820-4A741,CAP-1,0,10,,라우팅-나머지
28820-4A810-8,28820-4A741,CAP-2,0,10,,라우팅-나머지
28820-4A731-P1,28820-4A741,PIPE-1,P10,10,,라우팅-나머지
28820-4A731-P2,28820-4A741,PIPE-2,P10,10,,라우팅-나머지
28820-4A731-B1,28820-4A741,PIPE-1,B10,10,,라우팅-나머지
28820-4A731-B2,28820-4A741,PIPE-2,B10,10,,라우팅-나머지
28820-4A731-Q1,28820-4A741,PIPE-1,Q10,10,,라우팅-나머지
28820-4A741-T1,28820-4A741,PIPE ASSY,T10,10,,라우팅-나머지
28820-4A741-T1,28820-4A741,PIPE ASSY,D10,20,,라우팅-나머지
28820-4A741-T1,28820-4A741,PIPE ASSY,L10,30,,라우팅-나머지
28820-4A741,28820-4A741,PIPE ASSY VACUUM,J10,10,,라우팅-나머지
28820-4A910-1,28820-4A910,PIPE-1,0,10,,라우팅-나머지
28820-4A910-2,28820-4A910,PIPE-2,0,10,,라우팅-나머지
28820-4A810-3,28820-4A910,BRKT-1,0,10,,라우팅-나머지
28820-4A810-4,28820-4A910,BRKT-2,0,10,,라우팅-나머지
28820-4A910-5,28820-4A910,BRKT-3,0,10,,라우팅-나머지
28811-4A001,28820-4A910,HOSE-1,0,10,,라우팅-나머지
28820-4A810-7,28820-4A910,CAP-1,0,10,,라우팅-나머지
28820-4A810-8,28820-4A910,CAP-2,0,10,,라우팅-나머지
28820-4A910-P1,28820-4A910,PIPE-1,P10,10,,라우팅-나머지
28820-4A910-P2,28820-4A910,PIPE-2,P10,10,,라우팅-나머지
28820-4A910-B1,28820-4A910,PIPE-1,B10,10,,라우팅-나머지
28820-4A910-B2,28820-4A910,PIP1-2,B10,10,,라우팅-나머지
28820-4A910-Q1,28820-4A910,PIPE-1,Q10,10,,라우팅-나머지
28820-4A910-T1,28820-4A910,PIPE ASSY,T10,10,,라우팅-나머지
28820-4A910-T1,28820-4A910,PIPE ASSY,D10,20,,라우팅-나머지
28820-4A910-T1,28820-4A910,PIPE ASSY,L10,30,,라우팅-나머지
28820-4A910,28820-4A910,PIPE ASSY VACUUM,J10,10,,라우팅-나머지
28820-4A910-1,28820-4A920,PIPE-1,0,10,,라우팅-나머지
28820-4A810-3,28820-4A920,BRKT-1,0,10,,라우팅-나머지
28820-4A810-4,28820-4A920,BRKT-2,0,10,,라우팅-나머지
28811-4A001,28820-4A920,HOSE-1,0,10,,라우팅-나머지
28820-4A810-7,28820-4A920,CAP-1,0,10,,라우팅-나머지
28820-4A910-P1,28820-4A920,PIPE-1,P10,10,,라우팅-나머지
28820-4A910-B1,28820-4A920,PIPE-1,B10,10,,라우팅-나머지
28820-4A920-T1,28820-4A920,PIPE ASSY,T10,10,,라우팅-나머지
28820-4A920-T1,28820-4A920,PIPE ASSY,D10,20,,라우팅-나머지
28820-4A920-T1,28820-4A920,PIPE ASSY,L10,30,,라우팅-나머지
28820-4A920,28820-4A920,PIPE ASSY VACUUM,J10,10,,라우팅-나머지
28820-4A910-1,28820-4C001,PIPE-1,0,10,,라우팅-나머지
28820-4A810-3,28820-4C001,BRKT-1,0,10,,라우팅-나머지
28821-4C001,28820-4C001,BRKT-2,0,10,,라우팅-나머지
28811-4A001,28820-4C001,HOSE-1,0,10,,라우팅-나머지
28820-4A810-7,28820-4C001,CAP-1,0,10,,라우팅-나머지
28820-4A910-P1,28820-4C001,PIPE-1,P10,10,,라우팅-나머지
28820-4A910-B1,28820-4C001,PIPE-2,B10,10,,라우팅-나머지
28820-4C001-T1,28820-4C001,PIPE ASSY,T10,10,,라우팅-나머지
28820-4C001-T1,28820-4C001,PIPE ASSY,D10,20,,라우팅-나머지
28820-4C001-T1,28820-4C001,PIPE ASSY,L10,30,,라우팅-나머지
28820-4C001,28820-4C001,PIPE ASSY VACUUM,J10,10,,라우팅-나머지
28820-4A910-1,28820-4C200,PIPE-1,0,10,,라우팅-나머지
28820-4A810-3,28820-4C200,BRKT-1,0,10,,라우팅-나머지
28821-4C001,28820-4C200,BRKT-2,0,10,,라우팅-나머지
28811-4A001,28820-4C200,HOSE-1,0,10,,라우팅-나머지
28820-4A810-7,28820-4C200,CAP-1,0,10,,라우팅-나머지
28820-4A910-P1,28820-4C200,PIPE-1,P10,10,,라우팅-나머지
28820-4A910-B1,28820-4C200,PIPE-2,B10,10,,라우팅-나머지
28820-4C200-T1,28820-4C200,PIPE ASSY,T10,10,,라우팅-나머지
28820-4C200-T1,28820-4C200,PIPE ASSY,D10,20,,라우팅-나머지
28820-4C200-T1,28820-4C200,PIPE ASSY,L10,30,,라우팅-나머지
28820-4C200,28820-4C200,PIPE ASSY VACUUM,J10,10,,라우팅-나머지
28820-4A910-1,28820-4C101,PIPE-1,0,10,,라우팅-나머지
28820-4A910-2,28820-4C101,PIPE-2,0,10,,라우팅-나머지
28820-4A810-3,28820-4C101,BRKT-1,0,10,,라우팅-나머지
28821-4C001,28820-4C101,BRKT-2,0,10,,라우팅-나머지
28820-4A910-5,28820-4C101,BRKT-3,0,10,,라우팅-나머지
28811-4A001,28820-4C101,HOSE-1,0,10,,라우팅-나머지
28820-4A810-7,28820-4C101,CAP-1,0,10,,라우팅-나머지
28820-4A810-8,28820-4C101,CAP-2,0,10,,라우팅-나머지
28820-4A910-P1,28820-4C101,PIPE-1,P10,10,,라우팅-나머지
28820-4A910-P2,28820-4C101,PIPE-2,P10,10,,라우팅-나머지
28820-4A910-B1,28820-4C101,BRKT-1,B10,10,,라우팅-나머지
28820-4A910-B2,28820-4C101,BRKT-2,B10,10,,라우팅-나머지
28820-4A910-Q1,28820-4C101,PIPE-1,Q10,10,,라우팅-나머지
28820-4C101-T1,28820-4C101,PIPE ASSY,T10,10,,라우팅-나머지
28820-4C101-T1,28820-4C101,PIPE ASSY,D10,20,,라우팅-나머지
28820-4C101-T1,28820-4C101,PIPE ASSY,L10,30,,라우팅-나머지
28820-4C101,28820-4C101,PIPE ASSY VACUUM,J10,10,,라우팅-나머지
28820-4A810-1,28820-4A801,PIPE-1,0,10,,라우팅-나머지
28820-4A810-9,28820-4A801,PIPE-2,0,10,,라우팅-나머지
28820-4A810-3,28820-4A801,BRKT-1,0,10,,라우팅-나머지
28820-4A810-4,28820-4A801,BRKT-2,0,10,,라우팅-나머지
28811-4A001,28820-4A801,HOSE-1,0,10,,라우팅-나머지
28820-4A810-7,28820-4A801,CAP-1,0,10,,라우팅-나머지
28820-4A810-8,28820-4A801,CAP-2,0,10,,라우팅-나머지
28820-4A810-P1,28820-4A801,PIPE-1,P10,10,,라우팅-나머지
28820-4A810-P2,28820-4A801,PIPE-2,P10,10,,라우팅-나머지
28820-4A810-B1,28820-4A801,PIPE-1,B10,10,,라우팅-나머지
28820-4A810-B2,28820-4A801,PIPE-2,B10,10,,라우팅-나머지
28820-4A810-Q1,28820-4A801,PIPE-1,Q10,10,,라우팅-나머지
28820-4A801-T1,28820-4A801,PIPE ASSY,T10,10,,라우팅-나머지
28820-4A801-T1,28820-4A801,PIPE ASSY,D10,20,,라우팅-나머지
28820-4A801-T1,28820-4A801,PIPE ASSY,L10,30,,라우팅-나머지
28820-4A801,28820-4A801,PIPE ASSY VACUUM,J10,10,,라우팅-나머지
28820-4A810-1,28820-4A851,PIPE-1,0,10,,라우팅-나머지
28820-4A851-2,28820-4A851,PIPE-2,0,10,,라우팅-나머지
28820-4A851-3,28820-4A851,PIPE-3,0,10,,라우팅-나머지
28820-4A851-4,28820-4A851,BRKT-1,0,10,,라우팅-나머지
28820-4A851-5,28820-4A851,BRKT-2,0,10,,라우팅-나머지
28820-4A851-11,28820-4A851,PIPE-4,0,10,,라우팅-나머지
28820-4A851-12,28820-4A851,PIPE-5,0,10,,라우팅-나머지
28820-4A851-6,28820-4A851,BRKT-3,0,10,,라우팅-나머지
28820-4A001,28820-4A851,HOSE-1,0,10,,라우팅-나머지
28820-4A851-10,28820-4A851,HOSE-2,0,10,,라우팅-나머지
28820-4A851-13,28820-4A851,HOSE-3,0,10,,라우팅-나머지
28820-4A810-7,28820-4A851,CAP-1,0,10,,라우팅-나머지
28820-4A810-8,28820-4A851,CAP-2,0,10,,라우팅-나머지
28820-4A810-P1,28820-4A851,PIPE-1,P10,10,,라우팅-나머지
28820-4A851-P2,28820-4A851,PIPE-2,P10,10,,라우팅-나머지
28820-4A851-P3,28820-4A851,PIPE-3,P10,10,,라우팅-나머지
28820-4A851-P4,28820-4A851,PIPE-4,P10,10,,라우팅-나머지
28820-4A851-P5,28820-4A851,PIPE-5,P10,10,,라우팅-나머지
28820-4A810-B1,28820-4A851,PIPE-1,B10,10,,라우팅-나머지
28820-4A851-B2,28820-4A851,PIPE-2,B10,10,,라우팅-나머지
28820-4A851-B3,28820-4A851,PIPE-3,B10,10,,라우팅-나머지
28820-4A851-B4,28820-4A851,PIPE-4,B10,10,,라우팅-나머지
28820-4A851-B5,28820-4A851,PIPE-5,B10,10,,라우팅-나머지
28820-4A810-Q1,28820-4A851,PIPE-1,Q10,10,,라우팅-나머지
28820-4A851-T1,28820-4A851,PIPE ASSY,T10,10,,라우팅-나머지
28820-4A851-T1,28820-4A851,PIPE ASSY,D10,20,,라우팅-나머지
28820-4A851-T1,28820-4A851,PIPE ASSY,L10,30,,라우팅-나머지
28820-4A851-T2,28820-4A851,PIPE ASSY,T10,10,,라우팅-나머지
28820-4A851-T2,28820-4A851,PIPE ASSY,D10,20,,라우팅-나머지
28820-4A851-T2,28820-4A851,PIPE ASSY,L10,30,,라우팅-나머지
28820-4A851,28820-4A851,PIPE ASSY VACUUM,J10,10,,라우팅-나머지
58652-2W330,59150-2W330,PIPE-1,0,10,,라우팅-나머지
59942-2W000,59150-2W330,BRKT-1,0,10,,라우팅-나머지
59150-2W330-S1,59150-2W330,PIPE-1,S10,10,,라우팅-나머지
59150-2W330-R1,59150-2W330,PIPE-1,R10,10,,라우팅-나머지
59150-2W330-R1,59150-2W330,PIPE-1,D10,20,,라우팅-나머지
59150-2W330-R1,59150-2W330,PIPE-1,L10,30,,라우팅-나머지
59150-2W330,59150-2W330,PIPE ASSY,H10,10,,라우팅-나머지
59138-S9380-1,59138-S9380,PIPE-1,0,10,,라우팅-나머지
59942-2W000,59138-S9380,BRKT-1,0,10,,라우팅-나머지
59138-S9380-S1,59138-S9380,PIPE-1,S10,10,,라우팅-나머지
59138-S9380-R1,59138-S9380,PIPE-1,R10,10,,라우팅-나머지
59138-S9380-R1,59138-S9380,PIPE-1,D10,20,,라우팅-나머지
59138-S9380-R1,59138-S9380,PIPE-1,L10,30,,라우팅-나머지
59138-S9380,59138-S9380,PIPE ASSY,H10,10,,라우팅-나머지
38131-84300-1,38131-84300,PIPE-1,0,10,,라우팅-나머지
38135-84300,38131-84300,NUT-1,0,10,,라우팅-나머지
38131-84300-2,38131-84300,PIPE-2,0,101,,라우팅-나머지
38600-84301,38131-84300,PIPE-3,0,10,,라우팅-나머지
38600-84301-1,38131-84300,PRESS CAP,0,10,,라우팅-나머지
38134-84300,38131-84300,JOINT-EYE,0,10,,라우팅-나머지
38131-84300-P1,38131-84300,PIPE-1,P10,10,,라우팅-나머지
38131-84300-B1,38131-84300,PIPE-1,B10,10,,라우팅-나머지
38131-84300-C1,38131-84300,PIPE-1,C10,10,,라우팅-나머지
38131-84300-G1,38131-84300,PIPE-3,G10,10,,라우팅-나머지
38131-84300-R1,38131-84300,PIPE-3,R10,10,,라우팅-나머지
38131-84300-T1,38131-84300,PIPE ASSY,T10,10,,라우팅-나머지
38131-84300-T1,38131-84300,PIPE ASSY,D10,20,,라우팅-나머지
38131-84300-T1,38131-84300,PIPE ASSY,L10,30,,라우팅-나머지
38131-84300,38131-84300,PIPE ASSY AIR OUTLET,H10,10,,라우팅-나머지
38600-5C000-1,38600-52530,RESONATOR,0,10,,라우팅-나머지
38600-52530-2,38600-52530,PRESS CAP,0,10,,라우팅-나머지
38600-52530-4,38600-52530,PIPE-1,0,10,,라우팅-나머지
38600-52530-5,38600-52530,PIPE-2,0,10,,라우팅-나머지
38114-52500,38600-52530,CONNECTOR,0,10,,라우팅-나머지
5228-15000,38600-52530,NIPPLE,0,10,,라우팅-나머지
15220-24151,38600-52530,NUT-UNION,0,10,,라우팅-나머지
38600-52530-C1,38600-52530,PIPE-1,C10,10,,라우팅-나머지
38600-52530-C2,38600-52530,PIPE-2,C10,10,,라우팅-나머지
38600-52530-G1,38600-52530,PIPE ASSY,G10,10,,라우팅-나머지
38600-52530-R1,38600-52530,PIPE ASSY,R10,10,,라우팅-나머지
38600-52530-T1,38600-52530,PIPE ASSY,T10,10,,라우팅-나머지
38600-52530-T1,38600-52530,PIPE ASSY,D10,20,,라우팅-나머지
38600-52530-T1,38600-52530,PIPE ASSY,L10,30,,라우팅-나머지
38600-52530,38600-52530,TOTAL ASSY-RESONATOR,H10,10,,라우팅-나머지
38600-5C000-1,38600-52100,RESONATOR,0,10,,라우팅-나머지
38600-52100-2,38600-52100,CAP-UPPER,0,10,,라우팅-나머지
38600-52100-3,38600-52100,PIPE-1,0,10,,라우팅-나머지
38600-52100-4,38600-52100,PIPE-2,0,10,,라우팅-나머지
38114-52000,38600-52100,CONNECTOR,0,10,,라우팅-나머지
15228-15000,38600-52100,NIPPLE,0,10,,라우팅-나머지
15220-24151,38600-52100,NUT-UNION,0,10,,라우팅-나머지
38600-52100-G1,38600-52100,PIPE ASSY,G10,10,,라우팅-나머지
38600-52100-R1,38600-52100,PIPE ASSY,R10,10,,라우팅-나머지
38600-52100-R1,38600-52100,PIPE ASSY,D10,20,,라우팅-나머지
38600-52100-R1,38600-52100,PIPE ASSY,L10,30,,라우팅-나머지
38600-52100,38600-52100,TOTAL ASSY-RESONATOR,H10,10,,라우팅-나머지
STKM11A-1046-07,28270-5C010,PIPE,0,10,,라우팅-나머지
28271-5C010-C1,28270-5C010,PIPE-1,C10,10,,라우팅-나머지
15406-10000,28270-5C010,JOINT-EYE,0,10,,라우팅-나머지
28274-5C010,28270-5C010,BRKT1,0,10,,라우팅-나머지
28271-5C010-B1,28270-5C010,PIPE-1,B10,10,,라우팅-나머지
28271-5C010-C2,28270-5C010,PIPE-1,C10,10,,라우팅-나머지
28270-5C010-G1,28270-5C010,PIPE ASSY,G10,10,,라우팅-나머지
28270-5C010-R1,28270-5C010,PIPE ASSY,R10,10,,라우팅-나머지
28270-5C010-R1,28270-5C010,PIPE ASSY,D10,20,,라우팅-나머지
28270-5C010-R1,28270-5C010,PIPE ASSY,L10,30,,라우팅-나머지
28270-5C010,28270-5C010,PIPE ASSY WATER,H10,10,,라우팅-나머지
STKM11A-1046-07,28275-5C010,PIPE,0,10,,라우팅-나머지
28276-5C010-C1,28275-5C010,PIPE-1,C10,10,,라우팅-나머지
15406-10000,28275-5C010,JOINT-EYE,0,10,,라우팅-나머지
28275-5C010-2,28275-5C010,BRKT-1,0,10,,라우팅-나머지
28278-5C010,28275-5C010,HOSE-1,0,10,,라우팅-나머지
28276-5C010-P1,28275-5C010,PIPE-1,P10,10,,라우팅-나머지
28276-5C010-B1,28275-5C010,PIPE-1,B10,10,,라우팅-나머지
28276-5C010-C2,28275-5C010,PIPE-1,C10,10,,라우팅-나머지
28275-5C010-G1,28275-5C010,PIPE ASSY,G10,10,,라우팅-나머지
28275-5C010-R1,28275-5C010,PIPE ASSY,R10,10,,라우팅-나머지
28275-5C010-R1,28275-5C010,PIPE ASSY,D10,20,,라우팅-나머지
28275-5C010-R1,28275-5C010,PIPE ASSY,L10,30,,라우팅-나머지
28275-5C010,28275-5C010,PIPE ASSY WATER,J10,10,,라우팅-나머지
25452-82600,25467-82600,PIPE-1,0,10,,라우팅-나머지
25433-822600,25467-82600,STAY-1,0,10,,라우팅-나머지
13905-06001,25467-82600,NUT-WELD,0,10,,라우팅-나머지
14813-10179,25467-82600,CLIP,0,10,,라우팅-나머지
11403-06141,25467-82600,BOLT-FLANGE,0,10,,라우팅-나머지
25434-82600,25467-82600,STAY-2,0,10,,라우팅-나머지
25433-82600-D1,25467-82600,STAY-1,D10,10,,라우팅-나머지
25452-82600-P1,25467-82600,PIPE-1,P10,10,,라우팅-나머지
25452-82600-P1,25467-82600,PIPE-1,P20,10,,라우팅-나머지
25452-82600-B1,25467-82600,PIPE-1,B10,10,,라우팅-나머지
25467-82600-T1,25467-82600,PIPE ASSY,T10,10,,라우팅-나머지
25467-82600-T1,25467-82600,PIPE ASSY,D10,20,,라우팅-나머지
25467-82600-T1,25467-82600,PIPE ASSY,L10,30,,라우팅-나머지
25467-82600,25467-82600,PIPE ASSY SCR,J10,10,,라우팅-나머지
TSW-1046-07,25470-52800,PIPE,0,10,,라우팅-나머지
25471-52800-C1,25470-52800,PIPE-1,C10,10,,라우팅-나머지
25482-52800,25470-52800,BRKT-1,0,10,,라우팅-나머지
28278-5C010,25470-52800,HOSE-1,0,10,,라우팅-나머지
25471-52800-P1,25470-52800,PIPE-1,P10,10,,라우팅-나머지
25471-52800-P1,25470-52800,PIPE-1,P20,10,,라우팅-나머지
25471-52800-B1,25470-52800,PIPE-1,B10,10,,라우팅-나머지
25470-52800-T1,25470-52800,PIPE ASSY,T10,10,,라우팅-나머지
25470-52800-T1,25470-52800,PIPE ASSY,D10,20,,라우팅-나머지
25470-52800-T1,25470-52800,PIPE ASSY,L10,30,,라우팅-나머지
25470-52800,25470-52800,PIPE ASSY SCR,J10,10,,라우팅-나머지
26761-85800,26760-85800,PIPE-1,0,10,,라우팅-나머지
26760-85800-2,26760-85800,BRKT-1,0,10,,라우팅-나머지
26762-85800,26760-85800,HOSE-1,0,10,,라우팅-나머지
26763-85800,26760-85800,HOSE-2,0,10,,라우팅-나머지
26761-85800-P1,26760-85800,PIPE-1,P10,10,,라우팅-나머지
26761-85800-B1,26760-85800,PIPE-1,B10,10,,라우팅-나머지
26760-85800-G1,26760-85800,PIPE ASSY,G10,10,,라우팅-나머지
26760-85800-R1,26760-85800,PIPE ASSY,R10,10,,라우팅-나머지
26760-85800-R1,26760-85800,PIPE ASSY,D10,20,,라우팅-나머지
26760-85800-R1,26760-85800,PIPE ASSY,L10,30,,라우팅-나머지
26760-85800,26760-85800,PIPE ASSY OUTLET,J10,10,,라우팅-나머지
TSW-1046-07,25467-84750,PIPE,0,10,,라우팅-나머지
25467-84701-C1,25467-84750,PIPE-1,C10,10,,라우팅-나머지
25467-84752,25467-84750,BRKT-1,0,10,,라우팅-나머지
25467-84701-P1,25467-84750,PIPE-1,P10,10,,라우팅-나머지
25467-84701-P1,25467-84750,PIPE-1,P20,10,,라우팅-나머지
25467-84701-B1,25467-84750,PIPE-1,B10,10,,라우팅-나머지
25467-84750-T1,25467-84750,PIPE ASSY,T10,10,,라우팅-나머지
25467-84750-T1,25467-84750,PIPE ASSY,D10,20,,라우팅-나머지
25467-84750-T1,25467-84750,PIPE ASSY,L10,30,,라우팅-나머지
25467-84750,25467-84750,PIPE ASSY SCR,H10,10,,라우팅-나머지
TSW-1046-07,25430-52801,PIPE,0,10,,라우팅-나머지
25481-52800-C1,25430-52801,PIPE-1,C10,10,,라우팅-나머지
25483-52802,25430-52801,BRKT-1,0,10,,라우팅-나머지
13905-06000,25430-52801,NUT,0,10,,라우팅-나머지
STKM11A-1046-07,25430-52801,PIPE,0,10,,라우팅-나머지
25491-52800-C1,25430-52801,PIPE-2,C10,10,,라우팅-나머지
38215-84050,25430-52801,JOINT-EYE,0,10,,라우팅-나머지
254921-52800,25430-52801,BRKT-2,0,10,,라우팅-나머지
29730-52800,25430-52801,CLIP,0,10,,라우팅-나머지
28278-5C010,25430-52801,HOSE-1,0,10,,라우팅-나머지
11403-06126,25430-52801,BOLT-FLANGE,0,10,,라우팅-나머지
29730-52800-D1,25430-52801,CLIP,D10,10,,라우팅-나머지
25481-52800-P1,25430-52801,PIPE-1,P10,10,,라우팅-나머지
25481-52800-P1,25430-52801,PIPE-1,P20,10,,라우팅-나머지
25481-52800-B1,25430-52801,PIPE-1,B10,10,,라우팅-나머지
25480-52802-T1,25430-52801,PIPE ASSY,T10,10,,라우팅-나머지
25480-52802-T1,25430-52801,PIPE ASSY,G10,20,,라우팅-나머지
25480-52802-T1,25430-52801,PIPE ASSY,D10,30,,라우팅-나머지
25480-52802-T1,25430-52801,PIPE ASSY,L10,40,,라우팅-나머지
25491-52800-P1,25430-52801,PIPE-2,P10,10,,라우팅-나머지
25491-52800-G1,25430-52801,PIPE-2,G10,10,,라우팅-나머지
25491-52800-R1,25430-52801,PIPE-2,R10,10,,라우팅-나머지
25491-52800-B1,25430-52801,PIPE-2,B10,10,,라우팅-나머지
25490-52800-T1,25430-52801,PIPE ASSY,T10,10,,라우팅-나머지
25490-52800-T1,25430-52801,PIPE ASSY,D10,20,,라우팅-나머지
25490-52800-T1,25430-52801,PIPE ASSY,L10,30,,라우팅-나머지
25430-52801-L1,25430-52801,PIPE ASSY WATER,J10,10,,라우팅-나머지
25430-52801,25430-52801,PIPE ASSY WATER,L10,10,,라우팅-나머지
25465-84210,25465-84200,PIPE-1,0,10,,라우팅-나머지
25465-84703,25465-84200,STAY,0,10,,라우팅-나머지
11403-06101,25465-84200,BOLT-FLMGE,0,10,,라우팅-나머지
14813-10179,25465-84200,CLIP,0,10,,라우팅-나머지
25465-84220,25465-84200,HOSE,0,10,,라우팅-나머지
25465-84703-D1,25465-84200,STAY,D10,10,,라우팅-나머지
25465-84210-P1,25465-84200,PIPE-1,P10,10,,라우팅-나머지
25465-84210-B1,25465-84200,PIPE-1,B10,10,,라우팅-나머지
25465-84200-D1,25465-84200,PIPE ASSY,D10,10,,라우팅-나머지
25465-84200-L1,25465-84200,PIPE ASSY,L10,10,,라우팅-나머지
25465-84200,25465-84200,PIPE ASSY SCR,J10,10,,라우팅-나머지
25465-84701,25465-84750,PIPE-1,0,10,,라우팅-나머지
25465-84703,25465-84750,STAY,0,10,,라우팅-나머지
11403-06101,25465-84750,BOLT-FLMGE,0,10,,라우팅-나머지
14813-10179,25465-84750,CLIP,0,10,,라우팅-나머지
25466-84752,25465-84750,HOSE,0,10,,라우팅-나머지
25465-84703-D1,25465-84750,STAY,D10,10,,라우팅-나머지
25465-84701-P1,25465-84750,PIPE-1,P10,10,,라우팅-나머지
25465-84701-B1,25465-84750,PIPE-1,B10,10,,라우팅-나머지
25465-84750-D1,25465-84750,PIPE ASSY,D10,10,,라우팅-나머지
25465-84750-L1,25465-84750,PIPE ASSY,L10,10,,라우팅-나머지
25465-84750,25465-84750,PIPE ASSY SCR,J10,10,,라우팅-나머지
STKM11A-1046-07,31303-84200,PIPE,0,10,,라우팅-나머지
31303-84200-C1,31303-84200,PIPE-1,C10,10,,라우팅-나머지
31303-84200-2,31303-84200,BRKT-1,0,10,,라우팅-나머지
45264-3D000-6,31303-84200,JOINT-EYE,0,10,,라우팅-나머지
31303-84200-P1,31303-84200,PIPE-1,P10,10,,라우팅-나머지
31303-84200-P1,31303-84200,PIPE-1,P20,10,,라우팅-나머지
31303-84200-O1,31303-84200,PIPE-1,O10,10,,라우팅-나머지
31303-84200-R1,31303-84200,PIPE-1,R10,10,,라우팅-나머지
31303-84200-B1,31303-84200,PIPE-1,B10,10,,라우팅-나머지
31303-84200-T1,31303-84200,PIPE ASSY,T10,10,,라우팅-나머지
31303-84200-T1,31303-84200,PIPE ASSY,D10,20,,라우팅-나머지
31303-84200-T1,31303-84200,PIPE ASSY,L10,30,,라우팅-나머지
31303-84200,31303-84200,PIPE ASSY RETURN,H10,10,,라우팅-나머지
STKM11A-1046-07,31303-84210,PIPE,0,10,,라우팅-나머지
31303-84210-C1,31303-84210,PIPE-1,C10,10,,라우팅-나머지
31303-84210-2,31303-84210,BRKT-1,0,10,,라우팅-나머지
15406-10000,31303-84210,JOINT-EYE,0,10,,라우팅-나머지
31303-84210-P1,31303-84210,PIPE-1,P10,10,,라우팅-나머지
31303-84210-P1,31303-84210,PIPE-1,P20,10,,라우팅-나머지
31303-84210-B1,31303-84210,PIPE-1,B10,10,,라우팅-나머지
31303-84210-G1,31303-84210,PIPE ASSY,G10,10,,라우팅-나머지
31303-84210-R1,31303-84210,PIPE ASSY,R10,10,,라우팅-나머지
31303-84210-R1,31303-84210,PIPE ASSY,D10,20,,라우팅-나머지
31303-84210-R1,31303-84210,PIPE ASSY,L10,30,,라우팅-나머지
31303-84210,31303-84210,PIPE ASSY RETURN,H10,10,,라우팅-나머지
STKM11A-1046-07,21780-82601,PIPE,0,10,,라우팅-나머지
21781-82600-C1,21780-82601,PIPE-1,C10,10,,라우팅-나머지
21782-82601,21780-82601,STAY-1,0,10,,라우팅-나머지
13905-06001,21780-82601,NUT-WELD,0,10,,라우팅-나머지
14813-10179,21780-82601,CLIP,0,10,,라우팅-나머지
11403-06141,21780-82601,BOLT-FLANGE,0,10,,라우팅-나머지
45264-3D000-6,21780-82601,JOINT-EYE,0,10,,라우팅-나머지
21782-82601-G1,21780-82601,STAY-1,G10,10,,라우팅-나머지
21782-82601-D1,21780-82601,STAY-1,D10,10,,라우팅-나머지
21780-82601-P1,21780-82601,PIPE-1,P10,10,,라우팅-나머지
21780-82601-O1,21780-82601,PIPE-1,O10,10,,라우팅-나머지
21780-82601-R1,21780-82601,PIPE-1,R10,10,,라우팅-나머지
21780-82601-R1,21780-82601,PIPE ASSY,B10,20,,라우팅-나머지
21780-82601-R1,21780-82601,PIPE ASSY,D10,30,,라우팅-나머지
21780-82601-R1,21780-82601,PIPE ASSY,L10,40,,라우팅-나머지
21780-82601,21780-82601,PIPE ASSY SCR,J10,10,,라우팅-나머지
TSW-1046-07,25470-52812,PIPE,0,10,,라우팅-나머지
25471-52812-C1,25470-52812,PIPE-1,C10,10,,라우팅-나머지
25482-52800,25470-52812,BRKT-1,0,10,,라우팅-나머지
28278-5C010,25470-52812,HOSE-1,0,10,,라우팅-나머지
25470-52812-P1,25470-52812,PIPE-1,P10,10,,라우팅-나머지
25470-52812-P1,25470-52812,PIPE-1,P20,10,,라우팅-나머지
25470-52812-B1,25470-52812,PIPE-1,B10,10,,라우팅-나머지
25470-52812-T1,25470-52812,PIPE ASSY,T10,10,,라우팅-나머지
25470-52812-T1,25470-52812,PIPE ASSY,D10,20,,라우팅-나머지
25470-52812-T1,25470-52812,PIPE ASSY,L10,30,,라우팅-나머지
25470-52812-T1,25470-52812,PIPE ASSY,J10,40,,라우팅-나머지
25470-52812,25470-52812,PIPE ASSY SCR,L20,10,,라우팅-나머지
TSW-1046-07,25430-52812,PIPE,0,10,,라우팅-나머지
25481-52811-C1,25430-52812,PIPE-1,C10,10,,라우팅-나머지
25483-52802,25430-52812,BRKT-1,0,10,,라우팅-나머지
13905-06000,25430-52812,NUT,0,10,,라우팅-나머지
STKM11A-1046-07,25430-52812,PIPE,0,10,,라우팅-나머지
25491-52812-C1,25430-52812,PIPE-2,C10,10,,라우팅-나머지
38215-84050,25430-52812,JOINT-EYE,0,10,,라우팅-나머지
29730-52800,25430-52812,CLIP,0,10,,라우팅-나머지
28278-5C010,25430-52812,HOSE-1,0,10,,라우팅-나머지
11403-06126,25430-52812,BOLT-FLANGE,0,10,,라우팅-나머지
29730-52800-D1,25430-52812,CLIP,D10,10,,라우팅-나머지
25481-52811-P1,25430-52812,PIPE-1,P10,10,,라우팅-나머지
25481-52811-P1,25430-52812,PIPE-1,P20,10,,라우팅-나머지
25481-52811-B1,25430-52812,PIPE-1,B10,10,,라우팅-나머지
25480-52812-T1,25430-52812,PIPE ASSY,T10,10,,라우팅-나머지
25480-52812-T1,25430-52812,PIPE ASSY,G10,20,,라우팅-나머지
25480-52812-T1,25430-52812,PIPE ASSY,D10,30,,라우팅-나머지
25480-52812-T1,25430-52812,PIPE ASSY,L10,40,,라우팅-나머지
25491-52812-P1,25430-52812,PIPE-2,P10,10,,라우팅-나머지
25491-52812-B1,25430-52812,PIPE-2,B10,10,,라우팅-나머지
25491-52800-G1,25430-52812,PIPE ASSY,G10,10,,라우팅-나머지
25491-52800-R1,25430-52812,PIPE ASSY,R10,10,,라우팅-나머지
25491-52800-R1,25430-52812,PIPE ASSY,D10,20,,라우팅-나머지
25491-52800-R1,25430-52812,PIPE ASSY,L10,30,,라우팅-나머지
25430-52812-L1,25430-52812,PIPE ASSY WATER,J10,10,,라우팅-나머지
25430-52812,25430-52812,PIPE ASSY WATER,L10,10,,라우팅-나머지
28458-52238-1,28458-52238,PIPE-1,0,10,,라우팅-나머지
28458-52238-3,28458-52238,PIPE-2,0,10,,라우팅-나머지
28458-52238-4,28458-52238,PIPE-3,0,10,,라우팅-나머지
28458-52238-2,28458-52238,BLOCK,0,10,,라우팅-나머지
28475-52236,28458-52238,HOSE,0,10,,라우팅-나머지
28458-52238-7,28458-52238,WIRE-MESH,0,10,,라우팅-나머지
28458-52238-8,28458-52238,BRACKET,0,10,,라우팅-나머지
28458-52238-P1,28458-52238,PIPE-1,P10,10,,라우팅-나머지
28458-52238-P2,28458-52238,PIPE-2,P20,10,,라우팅-나머지
28458-52238-P3,28458-52238,PIPE-3,P30,10,,라우팅-나머지
28458-52238-B1,28458-52238,PIPE-1,B10,10,,라우팅-나머지
28458-52238-B3,28458-52238,PIPE-3,B30,10,,라우팅-나머지
28458-52238-T1,28458-52238,PIPE ASSY,T10,10,,라우팅-나머지
28458-52238-T1,28458-52238,PIPE ASSY,D10,20,,라우팅-나머지
28458-52238-T1,28458-52238,PIPE ASSY,L10,30,,라우팅-나머지
28458-52238,28458-52238,PIPE ASSY SCR,J10,10,,라우팅-나머지
TSW-1046-07,25466-84710,PIPE,0,10,,라우팅-나머지
25466-84701-C1,25466-84710,PIPE-1,C10,10,,라우팅-나머지
25466-84702,25466-84710,HOSE-1,0,10,,라우팅-나머지
11403-06101,25466-84710,BOLT-FLANG,0,10,,라우팅-나머지
25465-84702,25466-84710,HOSE-2,0,10,,라우팅-나머지
14813-10179,25466-84710,CLIP,0,10,,라우팅-나머지
25466-84711,25466-84710,STAY-1,0,10,,라우팅-나머지
13905-08000,25466-84710,NUT-WELD,0,10,,라우팅-나머지
25466-84711-G1,25466-84710,STAY-1,G1,10,,라우팅-나머지
25466-84711-D1,25466-84710,STAY-1,D1,10,,라우팅-나머지
25466-84710-P1,25466-84710,PIPE-1,P10,10,,라우팅-나머지
25466-84710-B1,25466-84710,PIPE-1,B10,10,,라우팅-나머지
25466-84710-B1,25466-84710,PIPE ASSY,D10,20,,라우팅-나머지
25466-84710-B1,25466-84710,PIPE ASSY,L10,30,,라우팅-나머지
25466-84710,25466-84710,PIPE ASSY SCR,J10,10,,라우팅-나머지
38610-85700-1,38610-85700,BODY-1,0,10,,라우팅-나머지
38610-85700-2,38610-85700,PLATE-END,0,10,,라우팅-나머지
38610-85700-3,38610-85700,BRKT-1,0,10,,라우팅-나머지
38610-85700-4,38610-85700,BRKT-2,0,10,,라우팅-나머지
38610-85700-5,38610-85700,CONNETOR,0,10,,라우팅-나머지
38610-85700-G1,38610-85700,PIPE ASSY,G10,10,,라우팅-나머지
38610-85700-R1,38610-85700,PIPE ASSY,R10,10,,라우팅-나머지
38610-85700-R1,38610-85700,PIPE ASSY,D10,20,,라우팅-나머지
38610-85700-R1,38610-85700,PIPE ASSY,L10,30,,라우팅-나머지
38610-85700,38610-85700,RESONATOR ASSY,H10,10,,라우팅-나머지
38610-85700-1,38610-85800,BODY-1,0,10,,라우팅-나머지
38610-85700-2,38610-85800,PLATE-END,0,10,,라우팅-나머지
38610-85800-3,38610-85800,BRKT-1,0,10,,라우팅-나머지
38610-5700-5,38610-85800,CONNETOR,0,10,,라우팅-나머지
38610-85800-G1,38610-85800,PIPE ASSY,G10,10,,라우팅-나머지
38610-85800-R1,38610-85800,PIPE ASSY,R10,10,,라우팅-나머지
38610-85800-R1,38610-85800,PIPE ASSY,D10,20,,라우팅-나머지
38610-85800-R1,38610-85800,PIPE ASSY,L10,30,,라우팅-나머지
38610-85800,38610-85800,RESONATOR ASSY,H10,10,,라우팅-나머지
S25452-3A600-3,S25452-3A600,PIPE-1,0,10,,라우팅-나머지
S25452-3A600-8,S25452-3A600,PIPE-2,0,10,,라우팅-나머지
S25452-3A600-7,S25452-3A600,BRKT-1,0,10,,라우팅-나머지
S25452-3A600-10,S25452-3A600,BRKT-2,0,10,,라우팅-나머지
S25452-3A600-P1,S25452-3A600,PIPE-1,P10,10,,라우팅-나머지
S25452-3A600-P2,S25452-3A600,PIPE-2,P10,10,,라우팅-나머지
S25452-3A600-B1,S25452-3A600,PIPE-1,B10,10,,라우팅-나머지
S25452-3A600-Q1,S25452-3A600,PIPE-1,Q10,10,,라우팅-나머지
S25452-3A600-T1,S25452-3A600,PIPE ASSY,T10,10,,라우팅-나머지
S25452-3A600-T1,S25452-3A600,PIPE ASSY,L10,20,,라우팅-나머지
S25452-3A600,S25452-3A600,PIPE ASSY WATER,H10,10,,라우팅-나머지
S25452-3A600-3,S25452-3A640,PIPE-1,0,10,,라우팅-나머지
S25452-3A600-7,S25452-3A640,BRKT-1,0,10,,라우팅-나머지
S25452-3A600-10,S25452-3A640,BRKT-2,0,10,,라우팅-나머지
S25452-3A600-P1,S25452-3A640,PIPE-1,P10,10,,라우팅-나머지
S25452-3A600-B1,S25452-3A640,PIPE-1,B10,10,,라우팅-나머지
S25452-3A640-T1,S25452-3A640,PIPE ASSY,T10,10,,라우팅-나머지
S25452-3A640-T1,S25452-3A640,PIPE ASSY,L10,20,,라우팅-나머지
S25452-3A640,S25452-3A640,PIPE ASSY WATER,H10,10,,라우팅-나머지
28470-3A600-1,28470-3A600,PIPE-1,0,10,,라우팅-나머지
28470-3A600-2,28470-3A600,BRKT-1,0,10,,라우팅-나머지
28470-3A600-3,28470-3A600,BRKT-2,0,10,,라우팅-나머지
28475-3A600,28470-3A600,HOSE-1,0,10,,라우팅-나머지
28476-3A600,28470-3A600,HOSE-2,0,10,,라우팅-나머지
28470-3A600-P1,28470-3A600,PIPE-1,P10,10,,라우팅-나머지
28470-3A600-B1,28470-3A600,PIPE-1,B10,10,,라우팅-나머지
28470-3A600-T1,28470-3A600,PIPE ASSY,T10,10,,라우팅-나머지
28470-3A600-T1,28470-3A600,PIPE ASSY,D10,20,,라우팅-나머지
28470-3A600-T1,28470-3A600,PIPE ASSY,L10,30,,라우팅-나머지
28470-3A600,28470-3A600,PIPE ASSY VACUUM,J10,10,,라우팅-나머지
25411-3V000-1,25410-3V000,PIPE-1,0,10,,라우팅-나머지
25411-3V000-2,25410-3V000,BRKT-1,0,10,,라우팅-나머지
25412-3V000,25410-3V000,HOSE-1,0,10,,라우팅-나머지
25411-3V000-P1,25410-3V000,PIPE-1,P10,10,,라우팅-나머지
25411-3V000-P1,25410-3V000,PIPE-1,P20,10,,라우팅-나머지
25411-3V000-B1,25410-3V000,PIPE-1,B10,10,,라우팅-나머지
25411-3V000-S1,25410-3V000,PIPE ASSY,S10,10,,라우팅-나머지
25411-3V000-R1,25410-3V000,PIPE ASSY,R10,10,,라우팅-나머지
25411-3V000-R1,25410-3V000,PIPE ASSY,D10,20,,라우팅-나머지
25411-3V000-R1,25410-3V000,PIPE ASSY,L10,30,,라우팅-나머지
25411-3V000-R1,25410-3V000,PIPE ASSY,J10,40,,라우팅-나머지
25410-3V000,25410-3V000,PIPE-HEATER RETURN,L20,10,,라우팅-나머지
28486-3V000-1,28486-3V000,PIPE-1,0,10,,라우팅-나머지
28486-3V000-2,28486-3V000,BRKT-1,0,10,,라우팅-나머지
28486-3V000-3,28486-3V000,BRKT-2,0,10,,라우팅-나머지
28486-3V000-P1,28486-3V000,PIPE-1,P10,10,,라우팅-나머지
28486-3V000-P1,28486-3V000,PIPE-1,P20,10,,라우팅-나머지
28486-3V000-B1,28486-3V000,PIPE-1,B10,10,,라우팅-나머지
28486-3V000-S1,28486-3V000,PIPE ASSY,S10,10,,라우팅-나머지
28486-3V000-R1,28486-3V000,PIPE ASSY,R10,10,,라우팅-나머지
28486-3V000-R1,28486-3V000,PIPE ASSY,D10,20,,라우팅-나머지
28486-3V000-R1,28486-3V000,PIPE ASSY,L10,30,,라우팅-나머지
28486-3V000,28486-3V000,PIPE-HEATER RETURN,H10,10,,라우팅-나머지
25453-08200-1,25453-08200,PIPE-1,0,10,,라우팅-나머지
25453-08200-2,25453-08200,BRKT-1,0,10,,라우팅-나머지
25454-08200,25453-08200,HOSE-1,0,10,,라우팅-나머지
25455-08200,25453-08200,HOSE-2,0,10,,라우팅-나머지
25453-08200-P1,25453-08200,PIPE-1,P10,10,,라우팅-나머지
25453-08200-B1,25453-08200,PIPE-1,B10,10,,라우팅-나머지
25453-08200-S1,25453-08200,PIPE ASSY,S10,10,,라우팅-나머지
25453-08200-R1,25453-08200,PIPE ASSY,R10,10,,라우팅-나머지
25453-08200-R1,25453-08200,PIPE ASSY,D10,20,,라우팅-나머지
25453-08200-R1,25453-08200,PIPE ASSY,L10,30,,라우팅-나머지
25453-08200,25453-08200,PIPE ASSY HEATER,J10,10,,라우팅-나머지
25461-2R000-1,25460-2R000,PIPE-1,0,10,,라우팅-나머지
25461-2R000-2,25460-2R000,BRKT-1,0,10,,라우팅-나머지
25462-2R000,25460-2R000,HOSE-1,0,10,,라우팅-나머지
25461-2R000-P1,25460-2R000,PIPE-1,P10,10,,라우팅-나머지
25461-2R000-B1,25460-2R000,PIPE-1,B10,10,,라우팅-나머지
25461-2R000-T1,25460-2R000,PIPE ASSY,T10,10,,라우팅-나머지
25461-2R000-T1,25460-2R000,PIPE ASSY,L10,20,,라우팅-나머지
25461-2R000-T1,25460-2R000,PIPE ASSY,D10,30,,라우팅-나머지
25461-2R000-T1,25460-2R000,PIPE ASSY,L20,40,,라우팅-나머지
25460-2R000,25460-2R000,PIPE ASSY RETURN,J10,10,,라우팅-나머지
25411-2R000-1,25410-2R000,PIPE-1,0,10,,라우팅-나머지
25411-2R000-6,25410-2R000,QUICK CONNETOR,0,10,,라우팅-나머지
25411-2R000-3,25410-2R000,PIPE-2,0,10,,라우팅-나머지
25411-2R000-4,25410-2R000,BRKT-1,0,10,,라우팅-나머지
25411-2R000-5,25410-2R000,PROTECTOR,0,10,,라우팅-나머지
25412-2R000,25410-2R000,HOSE-1,0,10,,라우팅-나머지
25420-2R000,25410-2R000,HOSE-2,0,10,,라우팅-나머지
25411-2R000-P1,25410-2R000,PIPE-1,P10,10,,라우팅-나머지
25411-2R000-B1,25410-2R000,PIPE-1,B10,10,,라우팅-나머지
25411-2R000-C1,25410-2R000,PIPE-1,C10,10,,라우팅-나머지
25411-2R000-Q1,25410-2R000,PIPE-1,Q10,10,,라우팅-나머지
25411-2R000-O1,25410-2R000,PIPE-1,O10,10,,라우팅-나머지
25411-2R000-S1,25410-2R000,PIPE ASSY,S10,10,,라우팅-나머지
25411-2R000-R1,25410-2R000,PIPE ASSY,R10,10,,라우팅-나머지
25411-2R000-R1,25410-2R000,PIPE ASSY,L10,20,,라우팅-나머지
25411-2R000-R1,25410-2R000,PIPE ASSY,D10,30,,라우팅-나머지
25411-2R000-R1,25410-2R000,PIPE ASSY,L20,40,,라우팅-나머지
25410-2R000,25410-2R000,PIPE ASSY HEATER,J10,10,,라우팅-나머지
25411-2R000-1,25410-2R030,PIPE-1,0,10,,라우팅-나머지
25411-2R000-6,25410-2R030,QUICK CONNETOR,0,10,,라우팅-나머지
25411-2R000-3,25410-2R030,PIPE-2,0,10,,라우팅-나머지
25411-2R000-4,25410-2R030,BRKT-1,0,10,,라우팅-나머지
25413-2R030-1,25410-2R030,PIPE-3,0,10,,라우팅-나머지
25413-2R030-2,25410-2R030,BRKT-2,0,10,,라우팅-나머지
25411-2R000-5,25410-2R030,PROTECTOR,0,10,,라우팅-나머지
25412-2R000,25410-2R030,HOSE-1,0,10,,라우팅-나머지
25420-2R000,25410-2R030,HOSE-2,0,10,,라우팅-나머지
25430-2R000,25410-2R030,HOSE-3,0,10,,라우팅-나머지
25411-2R000-P1,25410-2R030,PIPE-1,P10,10,,라우팅-나머지
25411-2R000-B1,25410-2R030,PIPE-1,B10,10,,라우팅-나머지
25411-2R000-C1,25410-2R030,PIPE-1,C10,10,,라우팅-나머지
25411-2R000-Q1,25410-2R030,PIPE-1,Q10,10,,라우팅-나머지
25411-2R000-O1,25410-2R030,PIPE-1,O10,10,,라우팅-나머지
25411-2R000-S1,25410-2R030,PIPE ASSY,S10,10,,라우팅-나머지
25411-2R000-R1,25410-2R030,PIPE ASSY,R10,10,,라우팅-나머지
25411-2R000-R1,25410-2R030,PIPE ASSY,L10,20,,라우팅-나머지
25411-2R000-R1,25410-2R030,PIPE ASSY,D10,30,,라우팅-나머지
25411-2R000-R1,25410-2R030,PIPE ASSY,L10,40,,라우팅-나머지
25413-2R030-P1,25410-2R030,PIPE ASSY,P10,10,,라우팅-나머지
25413-2R030-B1,25410-2R030,PIPE ASSY,B10,10,,라우팅-나머지
25413-2R030-S1,25410-2R030,PIPE ASSY,S10,10,,라우팅-나머지
25413-2R030-R1,25410-2R030,PIPE ASSY,R10,10,,라우팅-나머지
25413-2R030-R1,25410-2R030,PIPE ASSY,L10,20,,라우팅-나머지
25413-2R030-R1,25410-2R030,PIPE ASSY,D10,30,,라우팅-나머지
25413-2R030-R1,25410-2R030,PIPE ASSY,L20,40,,라우팅-나머지
25410-2R030,25410-2R030,PIPE ASSY BELOW,J10,10,,라우팅-나머지
38131-48802-1,38131-48802,PIPE-1,0,10,,라우팅-나머지
38114-52000,38131-48802,CONNECTOR,0,10,,라우팅-나머지
15228-15000,38131-48802,NIPPLE,0,10,,라우팅-나머지
15220-24151,38131-48802,NUT-UNION,0,10,,라우팅-나머지
38131-48802-B1,38131-48802,PIPE ASSY,B10,10,,라우팅-나머지
38131-48802-G1,38131-48802,PIPE ASSY,G10,10,,라우팅-나머지
38131-48802-R1,38131-48802,PIPE ASSY,R10,10,,라우팅-나머지
38131-48802-R1,38131-48802,PIPE ASSY,D10,20,,라우팅-나머지
38131-48802-R1,38131-48802,PIPE ASSY,L10,30,,라우팅-나머지
38131-48802,38131-48802,PIPE ASSY-AIR,H10,10,,라우팅-나머지
28470-2FRAO-1,28470-2FRAO,PIPE-1,0,10,,라우팅-나머지
28470-2FRAO-2,28470-2FRAO,BRKT-1,0,10,,라우팅-나머지
13905-06000,28470-2FRAO,WELD NUT,0,10,,라우팅-나머지
28470-2FRAO-3,28470-2FRAO,HOSE-1,0,10,,라우팅-나머지
28470-2FRAO-4,28470-2FRAO,HOSE-2,0,10,,라우팅-나머지
28470-2FRAO-G1,28470-2FRAO,BRKT-1,G10,10,,라우팅-나머지
28470-2FRAO-P1,28470-2FRAO,PIPE-1,P10,10,,라우팅-나머지
28470-2FRAO-B1,28470-2FRAO,PIPE-1,B10,10,,라우팅-나머지
28470-2FRAO-T1,28470-2FRAO,PIPE ASSY,T10,10,,라우팅-나머지
28470-2FRAO-T1,28470-2FRAO,PIPE ASSY,D10,20,,라우팅-나머지
28470-2FRAO-T1,28470-2FRAO,PIPE ASSY,L10,30,,라우팅-나머지
28470-2FRAO,28470-2FRAO,PIPE ASSY VACUUM,J10,10,,라우팅-나머지
28495-2FC00-1,28495-2FC00,PIPE-1,0,10,,라우팅-나머지
28495-2FC00-2,28495-2FC00,BRKT-1,0,10,,라우팅-나머지
39471-2F600,28495-2FC00,HOSE-1,0,10,,라우팅-나머지
28495-2FC00-P1,28495-2FC00,PIPE-1,P10,10,,라우팅-나머지
28495-2FC00-B1,28495-2FC00,PIPE-1,B10,10,,라우팅-나머지
28495-2FC00-T1,28495-2FC00,PIPE ASSY,T10,10,,라우팅-나머지
28495-2FC00-T1,28495-2FC00,PIPE ASSY,D10,20,,라우팅-나머지
28495-2FC00-T1,28495-2FC00,PIPE ASSY,L10,30,,라우팅-나머지
28495-2FC00,28495-2FC00,PIPE ASSY VACUUM,J10,10,,라우팅-나머지
39420-2FC00-1,39420-2FC00,PIPE-1,0,10,,라우팅-나머지
39420-2FC00-2,39420-2FC00,BRKT-1,0,10,,라우팅-나머지
39420-2FC00-3,39420-2FC00,HOSE-1,0,10,,라우팅-나머지
39420-2FC00-4,39420-2FC00,HOSE-2,0,10,,라우팅-나머지
39420-2FC00-P1,39420-2FC00,PIPE-1,P10,10,,라우팅-나머지
39420-2FC00-B1,39420-2FC00,BRKT-1,B10,10,,라우팅-나머지
39420-2FC00-T1,39420-2FC00,PIPE ASSY,T10,10,,라우팅-나머지
39420-2FC00-T1,39420-2FC00,PIPE ASSY,D10,20,,라우팅-나머지
39420-2FC00-T1,39420-2FC00,PIPE ASSY,L10,30,,라우팅-나머지
39420-2FC00,39420-2FC00,PIPE ASSY VACUUM,J10,10,,라우팅-나머지
